"Date","Price","Open","High","Low","Change %"
"Sep 14, 2020","6.8193","6.8344","6.8344","6.8193","-0.20%"
"Sep 11, 2020","6.8330","6.8361","6.8396","6.8317","-0.01%"
"Sep 10, 2020","6.8335","6.8324","6.8438","6.8270","0.04%"
"Sep 09, 2020","6.8308","6.8464","6.8565","6.8312","-0.19%"
"Sep 08, 2020","6.8435","6.8305","6.8514","6.8278","0.20%"
"Sep 07, 2020","6.8300","6.8304","6.8345","6.8267","-0.16%"
"Sep 04, 2020","6.8409","6.8425","6.8479","6.8345","-0.04%"
"Sep 03, 2020","6.8435","6.8375","6.8499","6.8243","0.09%"
"Sep 02, 2020","6.8375","6.8312","6.8392","6.8221","0.15%"
"Sep 01, 2020","6.8272","6.8445","6.8472","6.8114","-0.30%"
"Aug 31, 2020","6.8474","6.8622","6.8631","6.8422","-0.25%"
"Aug 28, 2020","6.8647","6.8937","6.8937","6.8607","-0.40%"
"Aug 27, 2020","6.8925","6.8883","6.8962","6.8742","0.10%"
"Aug 26, 2020","6.8855","6.9072","6.9074","6.8860","-0.38%"
"Aug 25, 2020","6.9116","6.9100","6.9155","6.9072","-0.09%"
"Aug 24, 2020","6.9180","6.9142","6.9214","6.9110","0.00%"
"Aug 21, 2020","6.9179","6.9100","6.9261","6.8994","0.05%"
"Aug 20, 2020","6.9143","6.9207","6.9296","6.9129","-0.07%"
"Aug 19, 2020","6.9192","6.9167","6.9234","6.9040","-0.03%"
"Aug 18, 2020","6.9215","6.9357","6.9373","6.9106","-0.15%"
"Aug 17, 2020","6.9318","6.9504","6.9504","6.9299","-0.26%"
"Aug 14, 2020","6.9501","6.9478","6.9560","6.9402","0.09%"
"Aug 13, 2020","6.9440","6.9321","6.9497","6.9309","0.11%"
"Aug 12, 2020","6.9363","6.9496","6.9578","6.9347","-0.07%"
"Aug 11, 2020","6.9413","6.9618","6.9618","6.9404","-0.28%"
"Aug 10, 2020","6.9611","6.9654","6.9745","6.9571","-0.10%"
"Aug 07, 2020","6.9680","6.9562","6.9760","6.9527","0.21%"
"Aug 06, 2020","6.9535","6.9366","6.9553","6.9355","0.24%"
"Aug 05, 2020","6.9366","6.9647","6.9675","6.9352","-0.53%"
"Aug 04, 2020","6.9735","6.9833","6.9878","6.9711","-0.11%"
"Aug 03, 2020","6.9809","6.9816","6.9875","6.9699","0.08%"
"Jul 31, 2020","6.9752","6.9928","6.9930","6.9710","-0.48%"
"Jul 30, 2020","7.0088","6.9953","7.0101","6.9924","0.10%"
"Jul 29, 2020","7.0017","7.0008","7.0072","6.9942","0.01%"
"Jul 28, 2020","7.0008","6.9878","7.0107","6.9874","0.06%"
"Jul 27, 2020","6.9964","6.9996","7.0065","6.9955","-0.29%"
"Jul 24, 2020","7.0170","7.0040","7.0247","7.0016","0.18%"
"Jul 23, 2020","7.0040","7.0084","7.0149","6.9906","0.05%"
"Jul 22, 2020","7.0002","6.9742","7.0141","6.9646","0.28%"
"Jul 21, 2020","6.9808","6.9838","6.9967","6.9799","-0.04%"
"Jul 20, 2020","6.9838","6.9936","7.0023","6.9825","-0.12%"
"Jul 17, 2020","6.9924","6.9955","7.0051","6.9913","0.04%"
"Jul 16, 2020","6.9893","6.9844","7.0038","6.9837","0.01%"
"Jul 15, 2020","6.9889","6.9931","7.0065","6.9844","-0.26%"
"Jul 14, 2020","7.0075","7.0121","7.0216","7.0041","0.14%"
"Jul 13, 2020","6.9974","7.0019","7.0068","6.9930","-0.06%"
"Jul 10, 2020","7.0019","6.9998","7.0135","6.9976","0.11%"
"Jul 09, 2020","6.9942","6.9975","7.0012","6.9802","-0.15%"
"Jul 08, 2020","7.0045","7.0233","7.0250","7.0002","-0.13%"
"Jul 07, 2020","7.0140","7.0077","7.0284","7.0028","-0.07%"
"Jul 06, 2020","7.0188","7.0637","7.0641","7.0157","-0.67%"
"Jul 03, 2020","7.0663","7.0670","7.0711","7.0598","-0.01%"
"Jul 02, 2020","7.0670","7.0628","7.0730","7.0610","-0.06%"
"Jul 01, 2020","7.0712","7.0675","7.0743","7.0567","0.08%"
"Jun 30, 2020","7.0655","7.0745","7.0806","7.0620","-0.22%"
"Jun 29, 2020","7.0811","7.0825","7.0828","7.0731","0.04%"
"Jun 24, 2020","7.0782","7.0576","7.0792","7.0511","0.27%"
"Jun 23, 2020","7.0590","7.0684","7.0891","7.0571","-0.13%"
"Jun 22, 2020","7.0684","7.0806","7.0826","7.0671","-0.06%"
"Jun 19, 2020","7.0723","7.0897","7.0923","7.0704","-0.24%"
"Jun 18, 2020","7.0894","7.0922","7.0943","7.0707","0.05%"
"Jun 17, 2020","7.0855","7.0871","7.0975","7.0837","-0.01%"
"Jun 16, 2020","7.0866","7.0755","7.0887","7.0686","-0.06%"
"Jun 15, 2020","7.0909","7.0835","7.0991","7.0835","0.11%"
"Jun 12, 2020","7.0834","7.0815","7.0891","7.0712","0.26%"
"Jun 11, 2020","7.0650","7.0605","7.0760","7.0553","0.06%"
"Jun 10, 2020","7.0609","7.0773","7.0852","7.0569","-0.23%"
"Jun 09, 2020","7.0773","7.0750","7.0932","7.0699","0.08%"
"Jun 08, 2020","7.0715","7.0834","7.0915","7.0693","-0.15%"
"Jun 05, 2020","7.0820","7.1067","7.1149","7.0808","-0.40%"
"Jun 04, 2020","7.1102","7.1187","7.1311","7.1062","-0.08%"
"Jun 03, 2020","7.1157","7.0912","7.1263","7.0910","0.20%"
"Jun 02, 2020","7.1014","7.1153","7.1238","7.0976","-0.37%"
"Jun 01, 2020","7.1278","7.1151","7.1400","7.1099","-0.13%"
"May 29, 2020","7.1372","7.1577","7.1578","7.1314","-0.13%"
"May 28, 2020","7.1463","7.1697","7.1709","7.1441","-0.33%"
"May 27, 2020","7.1697","7.1355","7.1800","7.1340","0.49%"
"May 26, 2020","7.1350","7.1333","7.1395","7.1259","-0.03%"
"May 25, 2020","7.1368","7.1324","7.1451","7.1322","0.09%"
"May 22, 2020","7.1304","7.1150","7.1462","7.1130","0.21%"
"May 21, 2020","7.1153","7.0935","7.1177","7.0926","0.31%"
"May 20, 2020","7.0935","7.1003","7.1112","7.0914","-0.08%"
"May 19, 2020","7.0992","7.1017","7.1146","7.0966","-0.15%"
"May 18, 2020","7.1097","7.1062","7.1219","7.1013","0.11%"
"May 15, 2020","7.1021","7.0990","7.1095","7.0944","0.09%"
"May 14, 2020","7.0958","7.0950","7.1034","7.0927","0.05%"
"May 13, 2020","7.0922","7.0828","7.0971","7.0823","0.13%"
"May 12, 2020","7.0828","7.0958","7.1006","7.0790","-0.23%"
"May 11, 2020","7.0992","7.0762","7.0999","7.0712","0.35%"
"May 08, 2020","7.0742","7.0744","7.0811","7.0692","-0.14%"
"May 07, 2020","7.0844","7.1058","7.1085","7.0842","-0.29%"
"May 06, 2020","7.1046","7.0622","7.1061","7.0622","0.60%"
"May 01, 2020","7.0622","7.0622","7.0622","7.0622","0.00%"
"Apr 30, 2020","7.0622","7.0659","7.0675","7.0468","-0.21%"
"Apr 29, 2020","7.0768","7.0765","7.0820","7.0704","-0.04%"
"Apr 28, 2020","7.0796","7.0834","7.0911","7.0728","-0.10%"
"Apr 27, 2020","7.0865","7.0722","7.0915","7.0705","0.06%"
"Apr 24, 2020","7.0819","7.0809","7.0893","7.0742","0.22%"
"Apr 23, 2020","7.0667","7.0841","7.0888","7.0648","-0.25%"
"Apr 22, 2020","7.0841","7.0897","7.0920","7.0775","-0.11%"
"Apr 21, 2020","7.0920","7.0823","7.0988","7.0799","0.26%"
"Apr 20, 2020","7.0736","7.0802","7.0834","7.0679","0.01%"
"Apr 17, 2020","7.0731","7.0678","7.0832","7.0654","-0.10%"
"Apr 16, 2020","7.0798","7.0723","7.0840","7.0696","0.17%"
"Apr 15, 2020","7.0676","7.0476","7.0686","7.0455","0.27%"
"Apr 14, 2020","7.0486","7.0500","7.0629","7.0400","-0.06%"
"Apr 13, 2020","7.0526","7.0360","7.0570","7.0360","0.24%"
"Apr 10, 2020","7.0360","7.0475","7.0483","7.0275","-0.10%"
"Apr 09, 2020","7.0432","7.0645","7.0743","7.0335","-0.32%"
"Apr 08, 2020","7.0660","7.0621","7.0738","7.0575","0.29%"
"Apr 07, 2020","7.0458","7.0870","7.0873","7.0447","-0.66%"
"Apr 03, 2020","7.0928","7.0887","7.0994","7.0802","0.12%"
"Apr 02, 2020","7.0841","7.1165","7.1283","7.0840","-0.23%"
"Apr 01, 2020","7.1001","7.0825","7.1088","7.0798","0.25%"
"Mar 31, 2020","7.0825","7.0965","7.1019","7.0803","-0.25%"
"Mar 30, 2020","7.1003","7.0963","7.1051","7.0872","0.06%"
"Mar 27, 2020","7.0963","7.0630","7.0998","7.0557","0.32%"
"Mar 26, 2020","7.0735","7.0949","7.1220","7.0686","-0.58%"
"Mar 25, 2020","7.1148","7.0631","7.1180","7.0490","0.73%"
"Mar 24, 2020","7.0630","7.0870","7.0928","7.0572","-0.42%"
"Mar 23, 2020","7.0925","7.0997","7.1232","7.0788","-0.05%"
"Mar 20, 2020","7.0960","7.1075","7.1076","7.0502","-0.17%"
"Mar 19, 2020","7.1083","7.0474","7.1270","7.0474","0.86%"
"Mar 18, 2020","7.0474","7.0203","7.0479","7.0078","0.56%"
"Mar 17, 2020","7.0079","6.9951","7.0249","6.9869","0.21%"
"Mar 16, 2020","6.9934","7.0016","7.0251","6.9896","-0.22%"
"Mar 13, 2020","7.0086","7.0299","7.0379","6.9773","-0.30%"
"Mar 12, 2020","7.0294","6.9611","7.0373","6.9611","0.99%"
"Mar 11, 2020","6.9605","6.9584","6.9656","6.9442","0.06%"
"Mar 10, 2020","6.9564","6.9400","6.9612","6.9284","0.14%"
"Mar 09, 2020","6.9466","6.9108","6.9550","6.9108","0.21%"
"Mar 06, 2020","6.9321","6.9441","6.9601","6.9261","-0.07%"
"Mar 05, 2020","6.9373","6.9378","6.9444","6.9295","0.16%"
"Mar 04, 2020","6.9262","6.9422","6.9523","6.9215","-0.51%"
"Mar 03, 2020","6.9620","6.9605","6.9873","6.9595","0.01%"
"Mar 02, 2020","6.9610","6.9740","6.9778","6.9516","-0.44%"
"Feb 28, 2020","6.9920","7.0033","7.0133","6.9797","-0.18%"
"Feb 27, 2020","7.0045","7.0155","7.0222","7.0008","-0.26%"
"Feb 26, 2020","7.0225","7.0126","7.0260","7.0126","0.13%"
"Feb 25, 2020","7.0135","7.0110","7.0197","7.0080","-0.23%"
"Feb 24, 2020","7.0294","7.0385","7.0406","7.0237","0.03%"
"Feb 21, 2020","7.0271","7.0296","7.0442","7.0263","0.06%"
"Feb 20, 2020","7.0229","7.0075","7.0262","7.0027","0.35%"
"Feb 19, 2020","6.9982","7.0058","7.0133","6.9893","0.01%"
"Feb 18, 2020","6.9972","6.9854","7.0088","6.9854","0.23%"
"Feb 17, 2020","6.9813","6.9806","6.9832","6.9718","-0.08%"
"Feb 14, 2020","6.9869","6.9734","6.9879","6.9734","0.14%"
"Feb 13, 2020","6.9770","6.9736","6.9862","6.9724","0.07%"
"Feb 12, 2020","6.9719","6.9672","6.9771","6.9592","0.08%"
"Feb 11, 2020","6.9660","6.9834","6.9834","6.9595","-0.26%"
"Feb 10, 2020","6.9844","7.0001","7.0038","6.9772","-0.24%"
"Feb 07, 2020","7.0015","6.9776","7.0020","6.9759","0.44%"
"Feb 06, 2020","6.9707","6.9749","6.9829","6.9563","-0.04%"
"Feb 05, 2020","6.9738","6.9978","7.0088","6.9668","-0.35%"
"Feb 04, 2020","6.9985","7.0213","7.0213","6.9871","-0.33%"
"Feb 03, 2020","7.0215","6.9371","7.0256","6.9371","1.22%"
"Jan 31, 2020","6.9367","6.9367","6.9367","6.9367","0.00%"
"Jan 30, 2020","6.9367","6.9367","6.9367","6.9367","0.00%"
"Jan 29, 2020","6.9367","6.9367","6.9367","6.9367","0.00%"
"Jan 28, 2020","6.9367","6.9367","6.9367","6.9367","0.00%"
"Jan 27, 2020","6.9367","6.9367","6.9367","6.9367","0.00%"
"Jan 24, 2020","6.9367","6.9367","6.9367","6.9367","0.00%"
"Jan 23, 2020","6.9367","6.9060","6.9367","6.9060","0.44%"
"Jan 22, 2020","6.9066","6.9104","6.9196","6.8986","0.01%"
"Jan 21, 2020","6.9059","6.8773","6.9097","6.8765","0.57%"
"Jan 20, 2020","6.8669","6.8594","6.8670","6.8403","0.10%"
"Jan 17, 2020","6.8598","6.8757","6.8792","6.8525","-0.28%"
"Jan 16, 2020","6.8789","6.8849","6.8939","6.8762","-0.17%"
"Jan 15, 2020","6.8909","6.8938","6.8989","6.8837","0.10%"
"Jan 14, 2020","6.8841","6.8759","6.8895","6.8654","-0.14%"
"Jan 13, 2020","6.8937","6.9121","6.9157","6.8849","-0.37%"
"Jan 10, 2020","6.9192","6.9318","6.9398","6.9170","-0.18%"
"Jan 09, 2020","6.9318","6.9319","6.9362","6.9210","-0.21%"
"Jan 08, 2020","6.9462","6.9543","6.9556","6.9373","0.01%"
"Jan 07, 2020","6.9452","6.9679","6.9711","6.9290","-0.44%"
"Jan 06, 2020","6.9760","6.9686","6.9797","6.9683","0.15%"
"Jan 03, 2020","6.9655","6.9616","6.9759","6.9616","0.02%"
"Jan 02, 2020","6.9643","6.9597","6.9741","6.9569","0.02%"
"Jan 01, 2020","6.9632","6.9632","6.9657","6.9632","0.00%"
"Dec 31, 2019","6.9632","6.9832","6.9870","6.9556","-0.34%"
"Dec 30, 2019","6.9867","6.9958","6.9958","6.9783","-0.13%"
"Dec 27, 2019","6.9958","6.9932","7.0015","6.9916","-0.01%"
"Dec 26, 2019","6.9965","6.9891","7.0069","6.9880","0.10%"
"Dec 25, 2019","6.9894","7.0064","7.0064","6.9788","-0.26%"
"Dec 24, 2019","7.0075","7.0131","7.0151","7.0031","-0.07%"
"Dec 23, 2019","7.0127","7.0073","7.0142","7.0062","0.08%"
"Dec 20, 2019","7.0068","7.0102","7.0160","7.0030","-0.05%"
"Dec 19, 2019","7.0104","7.0006","7.0106","6.9971","0.08%"
"Dec 18, 2019","7.0050","7.0019","7.0129","6.9958","0.11%"
"Dec 17, 2019","6.9972","6.9954","7.0030","6.9910","0.05%"
"Dec 16, 2019","6.9935","6.9996","7.0084","6.9930","0.06%"
"Dec 13, 2019","6.9895","6.9641","7.0022","6.9636","0.07%"
"Dec 12, 2019","6.9849","7.0339","7.0408","6.9839","-0.77%"
"Dec 11, 2019","7.0388","7.0354","7.0408","7.0335","0.07%"
"Dec 10, 2019","7.0342","7.0392","7.0426","7.0313","-0.07%"
"Dec 09, 2019","7.0393","7.0334","7.0434","7.0297","0.06%"
"Dec 06, 2019","7.0350","7.0415","7.0499","7.0263","-0.14%"
"Dec 05, 2019","7.0448","7.0503","7.0569","7.0352","-0.07%"
"Dec 04, 2019","7.0499","7.0619","7.0744","7.0469","-0.16%"
"Dec 03, 2019","7.0613","7.0407","7.0614","7.0362","0.31%"
"Dec 02, 2019","7.0393","7.0268","7.0459","7.0266","0.10%"
"Nov 29, 2019","7.0324","7.0327","7.0370","7.0191","-0.04%"
"Nov 28, 2019","7.0354","7.0294","7.0357","7.0254","0.09%"
"Nov 27, 2019","7.0290","7.0245","7.0319","7.0177","-0.06%"
"Nov 26, 2019","7.0335","7.0289","7.0430","7.0259","-0.04%"
"Nov 25, 2019","7.0363","7.0404","7.0404","7.0315","-0.05%"
"Nov 22, 2019","7.0400","7.0262","7.0428","7.0249","0.15%"
"Nov 21, 2019","7.0293","7.0351","7.0451","7.0259","-0.09%"
"Nov 20, 2019","7.0359","7.0317","7.0394","7.0279","0.12%"
"Nov 19, 2019","7.0276","7.0259","7.0303","7.0202","0.02%"
"Nov 18, 2019","7.0260","7.0089","7.0268","7.0089","0.25%"
"Nov 15, 2019","7.0083","7.0201","7.0201","6.9992","-0.18%"
"Nov 14, 2019","7.0208","7.0240","7.0252","7.0143","-0.04%"
"Nov 13, 2019","7.0235","7.0076","7.0273","7.0076","0.22%"
"Nov 12, 2019","7.0079","7.0111","7.0111","6.9962","-0.04%"
"Nov 11, 2019","7.0106","6.9962","7.0122","6.9917","0.21%"
"Nov 08, 2019","6.9961","6.9691","6.9967","6.9676","0.25%"
"Nov 07, 2019","6.9784","6.9985","7.0208","6.9689","-0.28%"
"Nov 06, 2019","6.9981","6.9970","7.0052","6.9909","-0.17%"
"Nov 05, 2019","7.0097","7.0296","7.0316","6.9891","-0.29%"
"Nov 04, 2019","7.0304","7.0328","7.0343","7.0225","-0.10%"
"Nov 01, 2019","7.0375","7.0387","7.0495","7.0347","-0.03%"
"Oct 31, 2019","7.0395","7.0447","7.0507","7.0324","-0.22%"
"Oct 30, 2019","7.0553","7.0652","7.0682","7.0540","-0.15%"
"Oct 29, 2019","7.0658","7.0672","7.0672","7.0526","-0.03%"
"Oct 28, 2019","7.0678","7.0655","7.0693","7.0525","0.04%"
"Oct 25, 2019","7.0653","7.0697","7.0766","7.0624","-0.05%"
"Oct 24, 2019","7.0690","7.0664","7.0732","7.0560","0.05%"
"Oct 23, 2019","7.0656","7.0786","7.0895","7.0655","-0.16%"
"Oct 22, 2019","7.0769","7.0756","7.0840","7.0705","0.01%"
"Oct 21, 2019","7.0762","7.0819","7.0819","7.0662","-0.08%"
"Oct 18, 2019","7.0817","7.0742","7.0885","7.0668","0.06%"
"Oct 17, 2019","7.0774","7.0959","7.1016","7.0643","-0.23%"
"Oct 16, 2019","7.0935","7.0965","7.1045","7.0896","0.17%"
"Oct 15, 2019","7.0818","7.0663","7.0834","7.0629","0.20%"
"Oct 14, 2019","7.0675","7.0908","7.0910","7.0505","-0.29%"
"Oct 11, 2019","7.0880","7.1155","7.1155","7.0872","-0.40%"
"Oct 10, 2019","7.1162","7.1314","7.1314","7.1024","-0.23%"
"Oct 09, 2019","7.1324","7.1430","7.1523","7.1190","-0.17%"
"Oct 08, 2019","7.1444","7.1324","7.1503","7.1214","-0.05%"
"Oct 07, 2019","7.1483","7.1483","7.1483","7.1483","0.00%"
"Oct 04, 2019","7.1483","7.1483","7.1483","7.1483","0.00%"
"Oct 03, 2019","7.1483","7.1483","7.1483","7.1483","0.00%"
"Oct 02, 2019","7.1483","7.1483","7.1483","7.1483","0.00%"
"Oct 01, 2019","7.1483","7.1483","7.1483","7.1483","0.00%"
"Sep 30, 2019","7.1483","7.1303","7.1483","7.1174","0.36%"
"Sep 27, 2019","7.1227","7.1315","7.1388","7.1190","-0.14%"
"Sep 26, 2019","7.1326","7.1290","7.1375","7.1243","0.01%"
"Sep 25, 2019","7.1318","7.1154","7.1344","7.1075","0.22%"
"Sep 24, 2019","7.1164","7.1184","7.1235","7.1039","-0.03%"
"Sep 23, 2019","7.1185","7.0908","7.1300","7.0908","0.38%"
"Sep 20, 2019","7.0916","7.0958","7.0980","7.0815","-0.07%"
"Sep 19, 2019","7.0965","7.0851","7.1052","7.0851","0.15%"
"Sep 18, 2019","7.0860","7.0900","7.0927","7.0839","-0.08%"
"Sep 17, 2019","7.0918","7.0672","7.0983","7.0672","0.35%"
"Sep 16, 2019","7.0674","7.0789","7.0789","7.0627","-0.17%"
"Sep 13, 2019","7.0794","7.0814","7.0814","7.0794","0.00%"
"Sep 12, 2019","7.0793","7.0977","7.1030","7.0641","-0.53%"
"Sep 11, 2019","7.1167","7.1174","7.1238","7.1049","0.06%"
"Sep 10, 2019","7.1127","7.1211","7.1212","7.0976","-0.13%"
"Sep 09, 2019","7.1220","7.1147","7.1357","7.1147","0.09%"
"Sep 06, 2019","7.1157","7.1461","7.1576","7.1126","-0.46%"
"Sep 05, 2019","7.1485","7.1426","7.1566","7.1235","0.03%"
"Sep 04, 2019","7.1460","7.1819","7.1819","7.1460","-0.46%"
"Sep 03, 2019","7.1789","7.1714","7.1847","7.1703","0.10%"
"Sep 02, 2019","7.1719","7.1547","7.1738","7.1547","0.21%"
"Aug 30, 2019","7.1568","7.1459","7.1575","7.1392","0.17%"
"Aug 29, 2019","7.1445","7.1634","7.1715","7.1382","-0.29%"
"Aug 28, 2019","7.1653","7.1618","7.1701","7.1551","0.04%"
"Aug 27, 2019","7.1623","7.1434","7.1708","7.1434","0.15%"
"Aug 26, 2019","7.1513","7.1360","7.1535","7.1349","0.78%"
"Aug 23, 2019","7.0960","7.0893","7.1018","7.0731","0.18%"
"Aug 22, 2019","7.0836","7.0601","7.0940","7.0601","0.29%"
"Aug 21, 2019","7.0632","7.0594","7.0668","7.0499","0.04%"
"Aug 20, 2019","7.0605","7.0495","7.0686","7.0495","0.14%"
"Aug 19, 2019","7.0507","7.0386","7.0514","7.0381","0.11%"
"Aug 16, 2019","7.0428","7.0362","7.0472","7.0359","0.13%"
"Aug 15, 2019","7.0340","7.0273","7.0433","7.0169","0.14%"
"Aug 14, 2019","7.0244","7.0205","7.0293","7.0104","-0.27%"
"Aug 13, 2019","7.0435","7.0587","7.0724","7.0434","-0.21%"
"Aug 12, 2019","7.0582","7.0603","7.0693","7.0537","-0.06%"
"Aug 09, 2019","7.0624","7.0438","7.0624","7.0438","0.25%"
"Aug 08, 2019","7.0451","7.0588","7.0588","7.0363","-0.21%"
"Aug 07, 2019","7.0602","7.0353","7.0643","7.0298","0.48%"
"Aug 06, 2019","7.0264","7.0508","7.0605","7.0160","-0.35%"
"Aug 05, 2019","7.0508","7.0176","7.0564","7.0150","1.59%"
"Aug 02, 2019","6.9405","6.8985","6.9504","6.8985","0.61%"
"Aug 01, 2019","6.8986","6.8837","6.9065","6.8837","0.21%"
"Jul 31, 2019","6.8841","6.8857","6.8888","6.8777","-0.01%"
"Jul 30, 2019","6.8845","6.8904","6.8933","6.8754","-0.13%"
"Jul 29, 2019","6.8934","6.8792","6.8958","6.8759","0.21%"
"Jul 26, 2019","6.8792","6.8707","6.8818","6.8707","0.10%"
"Jul 25, 2019","6.8726","6.8689","6.8777","6.8665","0.00%"
"Jul 24, 2019","6.8725","6.8794","6.8840","6.8676","-0.10%"
"Jul 23, 2019","6.8792","6.8808","6.8846","6.8742","-0.03%"
"Jul 22, 2019","6.8811","6.8820","6.8834","6.8754","-0.02%"
"Jul 19, 2019","6.8822","6.8773","6.8822","6.8712","0.03%"
"Jul 18, 2019","6.8800","6.8712","6.8822","6.8712","0.09%"
"Jul 17, 2019","6.8736","6.8753","6.8835","6.8720","-0.04%"
"Jul 16, 2019","6.8762","6.8778","6.8799","6.8707","-0.02%"
"Jul 15, 2019","6.8777","6.8804","6.8830","6.8700","-0.05%"
"Jul 12, 2019","6.8808","6.8694","6.8820","6.8682","0.15%"
"Jul 11, 2019","6.8702","6.8724","6.8765","6.8587","-0.04%"
"Jul 10, 2019","6.8729","6.8863","6.8895","6.8700","-0.22%"
"Jul 09, 2019","6.8880","6.8879","6.8931","6.8806","0.09%"
"Jul 08, 2019","6.8819","6.8936","6.8960","6.8757","-0.17%"
"Jul 05, 2019","6.8936","6.8741","6.8939","6.8720","0.32%"
"Jul 04, 2019","6.8716","6.8761","6.8773","6.8677","-0.14%"
"Jul 03, 2019","6.8811","6.8762","6.8929","6.8751","0.12%"
"Jul 02, 2019","6.8729","6.8504","6.8834","6.8504","0.31%"
"Jul 01, 2019","6.8517","6.8673","6.8673","6.8341","-0.22%"
"Jun 28, 2019","6.8668","6.8748","6.8801","6.8595","-0.15%"
"Jun 27, 2019","6.8771","6.8785","6.8846","6.8738","-0.04%"
"Jun 26, 2019","6.8800","6.8876","6.8937","6.8658","0.00%"
"Jun 25, 2019","6.8798","6.8715","6.8851","6.8655","0.04%"
"Jun 24, 2019","6.8770","6.8736","6.8873","6.8700","0.10%"
"Jun 21, 2019","6.8700","6.8524","6.8793","6.8336","0.26%"
"Jun 20, 2019","6.8520","6.8949","6.8960","6.8441","-0.75%"
"Jun 19, 2019","6.9036","6.9042","6.9115","6.9024","0.01%"
"Jun 18, 2019","6.9032","6.9278","6.9330","6.9022","-0.33%"
"Jun 17, 2019","6.9258","6.9254","6.9276","6.9201","0.00%"
"Jun 14, 2019","6.9255","6.9205","6.9262","6.9200","0.06%"
"Jun 13, 2019","6.9216","6.9184","6.9230","6.9153","0.06%"
"Jun 12, 2019","6.9177","6.9110","6.9236","6.9095","0.09%"
"Jun 11, 2019","6.9114","6.9297","6.9297","6.9075","-0.28%"
"Jun 10, 2019","6.9310","6.9243","6.9366","6.9243","0.31%"
"Jun 07, 2019","6.9097","6.9122","6.9122","6.9097","0.00%"
"Jun 06, 2019","6.9097","6.9101","6.9184","6.9070","0.01%"
"Jun 05, 2019","6.9091","6.9075","6.9150","6.9011","0.01%"
"Jun 04, 2019","6.9083","6.9034","6.9150","6.8978","0.07%"
"Jun 03, 2019","6.9037","6.9044","6.9101","6.8978","-0.02%"
"May 31, 2019","6.9050","6.9027","6.9158","6.8995","0.04%"
"May 30, 2019","6.9019","6.9131","6.9156","6.8978","-0.18%"
"May 29, 2019","6.9145","6.9104","6.9182","6.9088","0.06%"
"May 28, 2019","6.9101","6.8983","6.9158","6.8983","0.18%"
"May 27, 2019","6.8979","6.8990","6.8994","6.8804","-0.03%"
"May 24, 2019","6.9002","6.9085","6.9149","6.8967","-0.15%"
"May 23, 2019","6.9105","6.9057","6.9211","6.9057","0.06%"
"May 22, 2019","6.9064","6.9008","6.9159","6.8962","0.06%"
"May 21, 2019","6.9023","6.9114","6.9179","6.8972","-0.14%"
"May 20, 2019","6.9123","6.9007","6.9174","6.9000","-0.09%"
"May 17, 2019","6.9187","6.8822","6.9187","6.8822","0.51%"
"May 16, 2019","6.8838","6.8747","6.8861","6.8731","0.11%"
"May 15, 2019","6.8761","6.8754","6.8812","6.8640","0.00%"
"May 14, 2019","6.8760","6.8776","6.8888","6.8642","-0.03%"
"May 13, 2019","6.8784","6.8240","6.8824","6.8240","0.80%"
"May 10, 2019","6.8240","6.8269","6.8278","6.7951","-0.05%"
"May 09, 2019","6.8274","6.7823","6.8307","6.7823","0.66%"
"May 08, 2019","6.7828","6.7759","6.7850","6.7656","0.09%"
"May 07, 2019","6.7769","6.7639","6.7810","6.7563","0.18%"
"May 06, 2019","6.7645","6.7379","6.8010","6.7379","0.44%"
"May 03, 2019","6.7346","6.7345","6.7346","6.7325","0.00%"
"May 02, 2019","6.7346","6.7348","6.7348","6.7325","-0.00%"
"May 01, 2019","6.7349","6.7369","6.7369","6.7349","0.00%"
"Apr 30, 2019","6.7349","6.7328","6.7418","6.7311","0.02%"
"Apr 29, 2019","6.7336","6.7292","6.7364","6.7265","0.06%"
"Apr 26, 2019","6.7298","6.7436","6.7436","6.7263","-0.20%"
"Apr 25, 2019","6.7431","6.7222","6.7496","6.7222","0.32%"
"Apr 24, 2019","6.7219","6.7251","6.7259","6.7145","-0.06%"
"Apr 23, 2019","6.7259","6.7114","6.7276","6.7084","0.21%"
"Apr 22, 2019","6.7120","6.7036","6.7149","6.7023","0.12%"
"Apr 19, 2019","6.7042","6.7063","6.7074","6.7001","-0.07%"
"Apr 18, 2019","6.7091","6.6871","6.7095","6.6845","0.31%"
"Apr 17, 2019","6.6882","6.7108","6.7116","6.6841","-0.36%"
"Apr 16, 2019","6.7122","6.7081","6.7134","6.7054","0.05%"
"Apr 15, 2019","6.7086","6.7043","6.7110","6.7036","0.06%"
"Apr 12, 2019","6.7044","6.7194","6.7235","6.6989","-0.22%"
"Apr 11, 2019","6.7194","6.7132","6.7197","6.7103","0.05%"
"Apr 10, 2019","6.7160","6.7176","6.7188","6.7099","0.06%"
"Apr 09, 2019","6.7119","6.7127","6.7195","6.7079","-0.07%"
"Apr 08, 2019","6.7164","6.7144","6.7218","6.7110","-0.04%"
"Apr 05, 2019","6.7190","6.7190","6.7190","6.7190","0.02%"
"Apr 04, 2019","6.7174","6.7073","6.7207","6.7065","0.09%"
"Apr 03, 2019","6.7114","6.7229","6.7229","6.7050","-0.18%"
"Apr 02, 2019","6.7233","6.7176","6.7252","6.7149","0.18%"
"Apr 01, 2019","6.7115","6.7125","6.7144","6.7003","-0.01%"
"Mar 29, 2019","6.7120","6.7336","6.7364","6.7066","-0.40%"
"Mar 28, 2019","6.7390","6.7267","6.7408","6.7207","0.18%"
"Mar 27, 2019","6.7271","6.7130","6.7278","6.7111","0.17%"
"Mar 26, 2019","6.7157","6.7071","6.7167","6.7026","0.09%"
"Mar 25, 2019","6.7094","6.7211","6.7214","6.7053","-0.13%"
"Mar 22, 2019","6.7181","6.7028","6.7183","6.6974","0.28%"
"Mar 21, 2019","6.6993","6.6806","6.7001","6.6726","0.07%"
"Mar 20, 2019","6.6946","6.7187","6.7198","6.6941","-0.26%"
"Mar 19, 2019","6.7119","6.7145","6.7211","6.7095","-0.02%"
"Mar 18, 2019","6.7130","6.7138","6.7180","6.7081","-0.01%"
"Mar 15, 2019","6.7138","6.7222","6.7302","6.7069","-0.14%"
"Mar 14, 2019","6.7230","6.7077","6.7299","6.7031","0.24%"
"Mar 13, 2019","6.7071","6.7053","6.7123","6.7026","-0.02%"
"Mar 12, 2019","6.7085","6.7241","6.7241","6.7038","-0.27%"
"Mar 11, 2019","6.7265","6.7244","6.7315","6.7224","0.07%"
"Mar 08, 2019","6.7216","6.7268","6.7278","6.7173","0.10%"
"Mar 07, 2019","6.7149","6.7082","6.7150","6.7034","0.04%"
"Mar 06, 2019","6.7119","6.7064","6.7201","6.7032","0.06%"
"Mar 05, 2019","6.7076","6.7077","6.7085","6.6970","0.00%"
"Mar 04, 2019","6.7073","6.7086","6.7086","6.6868","0.01%"
"Mar 01, 2019","6.7064","6.6943","6.7112","6.6942","0.18%"
"Feb 28, 2019","6.6941","6.6876","6.6943","6.6790","0.10%"
"Feb 27, 2019","6.6872","6.6937","6.6984","6.6783","-0.19%"
"Feb 26, 2019","6.7002","6.6893","6.7066","6.6893","0.16%"
"Feb 25, 2019","6.6894","6.7167","6.7167","6.6768","-0.37%"
"Feb 22, 2019","6.7142","6.7314","6.7368","6.7114","-0.08%"
"Feb 21, 2019","6.7198","6.7199","6.7263","6.6887","-0.02%"
"Feb 20, 2019","6.7213","6.7374","6.7415","6.7139","-0.55%"
"Feb 19, 2019","6.7587","6.7729","6.7825","6.7564","-0.12%"
"Feb 18, 2019","6.7667","6.7725","6.7725","6.7526","-0.09%"
"Feb 15, 2019","6.7730","6.7757","6.7864","6.7684","0.01%"
"Feb 14, 2019","6.7721","6.7676","6.7779","6.7583","0.17%"
"Feb 13, 2019","6.7604","6.7584","6.7665","6.7506","-0.20%"
"Feb 12, 2019","6.7740","6.7912","6.7956","6.7661","-0.27%"
"Feb 11, 2019","6.7923","6.7435","6.7939","6.7435","0.70%"
"Feb 08, 2019","6.7448","6.7448","6.7448","6.7448","0.00%"
"Feb 07, 2019","6.7448","6.7448","6.7448","6.7448","0.00%"
"Feb 06, 2019","6.7448","6.7448","6.7448","6.7448","0.00%"
"Feb 05, 2019","6.7448","6.7448","6.7448","6.7448","0.00%"
"Feb 04, 2019","6.7448","6.7448","6.7448","6.7448","0.00%"
"Feb 01, 2019","6.7448","6.7005","6.7448","6.7005","0.66%"
"Jan 31, 2019","6.7008","6.6996","6.7160","6.6955","-0.23%"
"Jan 30, 2019","6.7165","6.7354","6.7354","6.7081","-0.24%"
"Jan 29, 2019","6.7329","6.7467","6.7554","6.7300","-0.18%"
"Jan 28, 2019","6.7453","6.7415","6.7459","6.7215","-0.03%"
"Jan 25, 2019","6.7473","6.7919","6.7930","6.7472","-0.61%"
"Jan 24, 2019","6.7885","6.7821","6.8013","6.7793","-0.05%"
"Jan 23, 2019","6.7920","6.8050","6.8058","6.7782","-0.24%"
"Jan 22, 2019","6.8080","6.7912","6.8112","6.7912","0.15%"
"Jan 21, 2019","6.7980","6.7966","6.8019","6.7866","0.28%"
"Jan 18, 2019","6.7790","6.7721","6.7831","6.7693","0.04%"
"Jan 17, 2019","6.7764","6.7465","6.7797","6.7465","0.29%"
"Jan 16, 2019","6.7568","6.7729","6.7824","6.7550","-0.06%"
"Jan 15, 2019","6.7610","6.7465","6.7613","6.7392","-0.10%"
"Jan 14, 2019","6.7680","6.7434","6.7714","6.7350","0.07%"
"Jan 11, 2019","6.7630","6.7933","6.7934","6.7394","-0.38%"
"Jan 10, 2019","6.7885","6.8173","6.8235","6.7733","-0.41%"
"Jan 09, 2019","6.8165","6.8485","6.8485","6.8165","-0.54%"
"Jan 08, 2019","6.8532","6.8443","6.8623","6.8438","0.03%"
"Jan 07, 2019","6.8510","6.8507","6.8531","6.8440","-0.26%"
"Jan 04, 2019","6.8692","6.8687","6.8737","6.8639","-0.04%"
"Jan 03, 2019","6.8720","6.8639","6.8839","6.8639","0.15%"
"Jan 02, 2019","6.8620","6.8631","6.8694","6.8506","-0.24%"
"Jan 01, 2019","6.8785","6.8785","6.8785","6.8785","0.00%"
"Dec 31, 2018","6.8785","6.8785","6.8785","6.8785","0.00%"
"Dec 28, 2018","6.8785","6.8648","6.8785","6.8500","0.18%"
"Dec 27, 2018","6.8663","6.8899","6.8964","6.8635","-0.28%"
"Dec 26, 2018","6.8854","6.8873","6.8919","6.8761","-0.03%"
"Dec 25, 2018","6.8872","6.8961","6.8979","6.8765","-0.17%"
"Dec 24, 2018","6.8991","6.9078","6.9131","6.8949","-0.11%"
"Dec 21, 2018","6.9065","6.8818","6.9078","6.8818","0.31%"
"Dec 20, 2018","6.8851","6.9050","6.9150","6.8836","-0.10%"
"Dec 19, 2018","6.8922","6.8908","6.8983","6.8873","-0.04%"
"Dec 18, 2018","6.8951","6.8917","6.9017","6.8882","-0.03%"
"Dec 17, 2018","6.8972","6.9009","6.9035","6.8927","-0.15%"
"Dec 14, 2018","6.9077","6.8883","6.9078","6.8869","0.38%"
"Dec 13, 2018","6.8816","6.8776","6.8837","6.8641","0.02%"
"Dec 12, 2018","6.8800","6.8849","6.8951","6.8769","-0.29%"
"Dec 11, 2018","6.9000","6.9185","6.9185","6.8950","-0.17%"
"Dec 10, 2018","6.9117","6.8918","6.9181","6.8861","0.52%"
"Dec 07, 2018","6.8757","6.8800","6.8919","6.8682","-0.10%"
"Dec 06, 2018","6.8827","6.8559","6.8970","6.8559","0.38%"
"Dec 05, 2018","6.8567","6.8518","6.8712","6.8458","0.28%"
"Dec 04, 2018","6.8373","6.8835","6.8915","6.8338","-0.66%"
"Dec 03, 2018","6.8830","6.9275","6.9367","6.8830","-1.11%"
"Nov 30, 2018","6.9605","6.9496","6.9605","6.9449","0.26%"
"Nov 29, 2018","6.9425","6.9437","6.9477","6.9353","-0.16%"
"Nov 28, 2018","6.9539","6.9499","6.9574","6.9499","0.03%"
"Nov 27, 2018","6.9515","6.9491","6.9552","6.9446","0.15%"
"Nov 26, 2018","6.9408","6.9466","6.9481","6.9341","-0.11%"
"Nov 23, 2018","6.9485","6.9328","6.9496","6.9320","0.24%"
"Nov 22, 2018","6.9319","6.9317","6.9389","6.9230","0.07%"
"Nov 21, 2018","6.9270","6.9435","6.9519","6.9270","-0.26%"
"Nov 20, 2018","6.9452","6.9439","6.9469","6.9367","0.05%"
"Nov 19, 2018","6.9420","6.9348","6.9472","6.9347","0.06%"
"Nov 16, 2018","6.9380","6.9392","6.9518","6.9297","-0.02%"
"Nov 15, 2018","6.9393","6.9428","6.9473","6.9329","-0.16%"
"Nov 14, 2018","6.9505","6.9491","6.9551","6.9463","-0.08%"
"Nov 13, 2018","6.9560","6.9657","6.9710","6.9496","-0.11%"
"Nov 12, 2018","6.9635","6.9519","6.9704","6.9490","0.10%"
"Nov 09, 2018","6.9568","6.9399","6.9568","6.9399","0.32%"
"Nov 08, 2018","6.9345","6.9254","6.9394","6.9254","0.21%"
"Nov 07, 2018","6.9200","6.9256","6.9435","6.9145","0.01%"
"Nov 06, 2018","6.9195","6.9268","6.9307","6.9136","-0.09%"
"Nov 05, 2018","6.9257","6.8902","6.9309","6.8902","0.51%"
"Nov 02, 2018","6.8907","6.9108","6.9328","6.8689","-0.47%"
"Nov 01, 2018","6.9234","6.9685","6.9723","6.9216","-0.75%"
"Oct 31, 2018","6.9756","6.9680","6.9783","6.9638","0.12%"
"Oct 30, 2018","6.9672","6.9615","6.9720","6.9592","0.08%"
"Oct 29, 2018","6.9619","6.9402","6.9629","6.9401","0.26%"
"Oct 26, 2018","6.9435","6.9535","6.9652","6.9351","-0.08%"
"Oct 25, 2018","6.9489","6.9443","6.9527","6.9422","0.07%"
"Oct 24, 2018","6.9440","6.9405","6.9456","6.9369","0.08%"
"Oct 23, 2018","6.9383","6.9454","6.9455","6.9357","-0.13%"
"Oct 22, 2018","6.9474","6.9319","6.9478","6.9319","0.26%"
"Oct 19, 2018","6.9297","6.9402","6.9422","6.9267","-0.11%"
"Oct 18, 2018","6.9376","6.9349","6.9429","6.9340","0.15%"
"Oct 17, 2018","6.9275","6.9115","6.9298","6.9114","0.22%"
"Oct 16, 2018","6.9120","6.9153","6.9277","6.9071","-0.07%"
"Oct 15, 2018","6.9168","6.9232","6.9336","6.9164","-0.08%"
"Oct 12, 2018","6.9225","6.8914","6.9322","6.8914","0.47%"
"Oct 11, 2018","6.8899","6.9243","6.9350","6.8899","-0.50%"
"Oct 10, 2018","6.9242","6.9227","6.9258","6.9169","0.02%"
"Oct 09, 2018","6.9227","6.9300","6.9300","6.9082","-0.12%"
"Oct 08, 2018","6.9307","6.9040","6.9338","6.8947","0.90%"
"Oct 05, 2018","6.8689","6.8689","6.8689","6.8689","0.00%"
"Oct 04, 2018","6.8689","6.8689","6.8689","6.8689","0.00%"
"Oct 03, 2018","6.8689","6.8689","6.8689","6.8689","0.00%"
"Oct 02, 2018","6.8689","6.8689","6.8689","6.8689","0.00%"
"Oct 01, 2018","6.8689","6.8689","6.8689","6.8689","0.00%"
"Sep 28, 2018","6.8689","6.8872","6.8905","6.8678","-0.31%"
"Sep 27, 2018","6.8902","6.8788","6.8933","6.8700","0.17%"
"Sep 26, 2018","6.8786","6.8748","6.8803","6.8708","0.18%"
"Sep 25, 2018","6.8665","6.8608","6.8842","6.8605","0.14%"
"Sep 24, 2018","6.8571","6.8571","6.8571","6.8571","0.00%"
"Sep 21, 2018","6.8571","6.8357","6.8604","6.8337","0.15%"
"Sep 20, 2018","6.8468","6.8515","6.8583","6.8403","-0.02%"
"Sep 19, 2018","6.8483","6.8653","6.8676","6.8473","-0.19%"
"Sep 18, 2018","6.8616","6.8552","6.8807","6.8552","0.07%"
"Sep 17, 2018","6.8570","6.8695","6.8781","6.8558","-0.17%"
"Sep 14, 2018","6.8690","6.8447","6.8690","6.8447","0.35%"
"Sep 13, 2018","6.8448","6.8368","6.8541","6.8282","-0.23%"
"Sep 12, 2018","6.8606","6.8736","6.8826","6.8606","-0.18%"
"Sep 11, 2018","6.8730","6.8656","6.8791","6.8582","0.25%"
"Sep 10, 2018","6.8556","6.8479","6.8667","6.8479","0.17%"
"Sep 07, 2018","6.8438","6.8332","6.8498","6.8265","0.12%"
"Sep 06, 2018","6.8355","6.8298","6.8424","6.8239","0.07%"
"Sep 05, 2018","6.8305","6.8303","6.8469","6.8292","-0.20%"
"Sep 04, 2018","6.8442","6.8240","6.8453","6.8061","0.31%"
"Sep 03, 2018","6.8228","6.8434","6.8469","6.8174","-0.13%"
"Aug 31, 2018","6.8315","6.8472","6.8485","6.8230","-0.19%"
"Aug 30, 2018","6.8445","6.8216","6.8446","6.8216","0.34%"
"Aug 29, 2018","6.8213","6.8012","6.8299","6.8012","0.27%"
"Aug 28, 2018","6.8030","6.8134","6.8214","6.7984","-0.18%"
"Aug 27, 2018","6.8156","6.8168","6.8266","6.8064","0.13%"
"Aug 24, 2018","6.8070","6.8755","6.8947","6.8070","-1.03%"
"Aug 23, 2018","6.8777","6.8559","6.8799","6.8557","0.52%"
"Aug 22, 2018","6.8418","6.8388","6.8490","6.8388","-0.08%"
"Aug 21, 2018","6.8472","6.8382","6.8523","6.8338","-0.15%"
"Aug 20, 2018","6.8578","6.8625","6.8693","6.8467","-0.29%"
"Aug 17, 2018","6.8775","6.8687","6.8967","6.8687","-0.07%"
"Aug 16, 2018","6.8825","6.9227","6.9227","6.8816","-0.75%"
"Aug 15, 2018","6.9348","6.8921","6.9348","6.8877","0.74%"
"Aug 14, 2018","6.8842","6.8872","6.8972","6.8799","-0.10%"
"Aug 13, 2018","6.8913","6.8762","6.8914","6.8700","0.64%"
"Aug 10, 2018","6.8472","6.8360","6.8609","6.8308","0.38%"
"Aug 09, 2018","6.8210","6.8276","6.8381","6.8130","-0.22%"
"Aug 08, 2018","6.8357","6.8067","6.8414","6.8002","0.06%"
"Aug 07, 2018","6.8318","6.8510","6.8658","6.8223","-0.32%"
"Aug 06, 2018","6.8535","6.8276","6.8541","6.8010","0.30%"
"Aug 03, 2018","6.8332","6.8584","6.8949","6.8332","-0.14%"
"Aug 02, 2018","6.8428","6.8094","6.8514","6.8093","0.29%"
"Aug 01, 2018","6.8227","6.8294","6.8369","6.7957","0.15%"
"Jul 31, 2018","6.8127","6.8349","6.8450","6.8127","-0.03%"
"Jul 30, 2018","6.8150","6.8208","6.8437","6.8150","0.02%"
"Jul 27, 2018","6.8137","6.8080","6.8409","6.8018","0.31%"
"Jul 26, 2018","6.7927","6.7424","6.7958","6.7423","0.34%"
"Jul 25, 2018","6.7697","6.7951","6.8088","6.7573","-0.32%"
"Jul 24, 2018","6.7915","6.8145","6.8248","6.7914","-0.02%"
"Jul 23, 2018","6.7930","6.7535","6.7965","6.7404","0.33%"
"Jul 20, 2018","6.7709","6.7790","6.8155","6.7699","-0.06%"
"Jul 19, 2018","6.7751","6.7249","6.7881","6.7242","0.83%"
"Jul 18, 2018","6.7196","6.7065","6.7233","6.6986","0.20%"
"Jul 17, 2018","6.7065","6.6931","6.7081","6.6760","0.23%"
"Jul 16, 2018","6.6911","6.6919","6.7087","6.6751","-0.01%"
"Jul 13, 2018","6.6917","6.6578","6.7054","6.6525","0.36%"
"Jul 12, 2018","6.6677","6.7023","6.7063","6.6634","-0.20%"
"Jul 11, 2018","6.6812","6.6734","6.6832","6.6563","0.77%"
"Jul 10, 2018","6.6299","6.5983","6.6353","6.5983","0.21%"
"Jul 09, 2018","6.6161","6.6429","6.6444","6.6135","-0.41%"
"Jul 06, 2018","6.6436","6.6380","6.6685","6.6380","0.10%"
"Jul 05, 2018","6.6371","6.6299","6.6478","6.6299","0.07%"
"Jul 04, 2018","6.6325","6.6403","6.6403","6.6040","-0.15%"
"Jul 03, 2018","6.6425","6.7089","6.7225","6.6410","-0.38%"
"Jul 02, 2018","6.6680","6.6317","6.6681","6.6311","0.71%"
"Jun 29, 2018","6.6210","6.6305","6.6429","6.6085","-0.09%"
"Jun 28, 2018","6.6270","6.6181","6.6335","6.6090","0.34%"
"Jun 27, 2018","6.6047","6.5858","6.6200","6.5858","0.39%"
"Jun 26, 2018","6.5793","6.5373","6.5818","6.5369","0.60%"
"Jun 25, 2018","6.5400","6.5039","6.5474","6.5039","0.53%"
"Jun 22, 2018","6.5058","6.4947","6.5098","6.4947","0.19%"
"Jun 21, 2018","6.4932","6.4820","6.5094","6.4820","0.30%"
"Jun 20, 2018","6.4737","6.4654","6.4812","6.4654","-0.18%"
"Jun 19, 2018","6.4852","6.4428","6.4853","6.4428","0.71%"
"Jun 18, 2018","6.4394","6.4394","6.4394","6.4394","0.00%"
"Jun 15, 2018","6.4394","6.4195","6.4394","6.4131","0.59%"
"Jun 14, 2018","6.4017","6.3986","6.4048","6.3929","0.05%"
"Jun 13, 2018","6.3983","6.4134","6.4140","6.3968","-0.07%"
"Jun 12, 2018","6.4028","6.4111","6.4123","6.4023","0.02%"
"Jun 11, 2018","6.4017","6.4067","6.4101","6.4013","-0.08%"
"Jun 08, 2018","6.4066","6.4005","6.4149","6.4005","0.23%"
"Jun 07, 2018","6.3921","6.3899","6.3987","6.3898","0.06%"
"Jun 06, 2018","6.3884","6.4072","6.4072","6.3862","-0.28%"
"Jun 05, 2018","6.4061","6.4065","6.4145","6.4001","-0.06%"
"Jun 04, 2018","6.4100","6.4230","6.4279","6.4062","-0.16%"
"Jun 01, 2018","6.4204","6.4098","6.4217","6.4095","0.16%"
"May 31, 2018","6.4103","6.4174","6.4175","6.3995","-0.14%"
"May 30, 2018","6.4190","6.4207","6.4345","6.4161","0.02%"
"May 29, 2018","6.4176","6.4088","6.4230","6.4047","0.29%"
"May 28, 2018","6.3993","6.3892","6.4006","6.3887","0.12%"
"May 25, 2018","6.3918","6.3883","6.3929","6.3849","0.21%"
"May 24, 2018","6.3783","6.3896","6.3972","6.3773","-0.16%"
"May 23, 2018","6.3885","6.3695","6.3913","6.3695","0.33%"
"May 22, 2018","6.3675","6.3750","6.3793","6.3657","-0.25%"
"May 21, 2018","6.3835","6.3797","6.3947","6.3775","0.05%"
"May 18, 2018","6.3800","6.3730","6.3817","6.3691","0.20%"
"May 17, 2018","6.3671","6.3723","6.3723","6.3574","-0.07%"
"May 16, 2018","6.3715","6.3766","6.3804","6.3647","-0.10%"
"May 15, 2018","6.3777","6.3422","6.3804","6.3422","0.61%"
"May 14, 2018","6.3392","6.3338","6.3438","6.3338","0.08%"
"May 11, 2018","6.3341","6.3376","6.3491","6.3255","-0.24%"
"May 10, 2018","6.3492","6.3730","6.3742","6.3448","-0.21%"
"May 09, 2018","6.3624","6.3784","6.3861","6.3606","-0.13%"
"May 08, 2018","6.3707","6.3647","6.3708","6.3605","0.06%"
"May 07, 2018","6.3667","6.3528","6.3693","6.3487","0.06%"
"May 04, 2018","6.3627","6.3482","6.3669","6.3449","0.14%"
"May 03, 2018","6.3537","6.3633","6.3712","6.3472","-0.14%"
"May 02, 2018","6.3624","6.3540","6.3659","6.3540","0.46%"
"May 01, 2018","6.3332","6.3332","6.3332","6.3332","0.00%"
"Apr 30, 2018","6.3332","6.3332","6.3332","6.3332","0.00%"
"Apr 27, 2018","6.3332","6.3368","6.3472","6.3281","-0.05%"
"Apr 26, 2018","6.3365","6.3273","6.3369","6.3213","0.16%"
"Apr 25, 2018","6.3266","6.3064","6.3299","6.3034","0.32%"
"Apr 24, 2018","6.3065","6.3223","6.3227","6.3055","-0.17%"
"Apr 23, 2018","6.3171","6.2965","6.3174","6.2896","0.33%"
"Apr 20, 2018","6.2965","6.2888","6.2984","6.2838","0.28%"
"Apr 19, 2018","6.2791","6.2810","6.2831","6.2633","0.07%"
"Apr 18, 2018","6.2744","6.2870","6.2919","6.2721","-0.13%"
"Apr 17, 2018","6.2825","6.2736","6.2870","6.2735","0.10%"
"Apr 16, 2018","6.2765","6.2763","6.2874","6.2755","0.02%"
"Apr 13, 2018","6.2750","6.2896","6.2953","6.2750","-0.26%"
"Apr 12, 2018","6.2915","6.2736","6.2942","6.2735","0.36%"
"Apr 11, 2018","6.2690","6.2855","6.2911","6.2680","-0.23%"
"Apr 10, 2018","6.2832","6.3079","6.3102","6.2828","-0.38%"
"Apr 09, 2018","6.3070","6.3031","6.3203","6.2975","0.03%"
"Apr 06, 2018","6.3052","6.3052","6.3052","6.3052","0.00%"
"Apr 05, 2018","6.3052","6.3052","6.3052","6.3052","0.00%"
"Apr 04, 2018","6.3052","6.2898","6.3098","6.2851","0.24%"
"Apr 03, 2018","6.2899","6.2833","6.2915","6.2833","0.15%"
"Apr 02, 2018","6.2805","6.2693","6.2843","6.2693","0.08%"
"Mar 30, 2018","6.2753","6.2855","6.2882","6.2660","-0.23%"
"Mar 29, 2018","6.2898","6.2993","6.3063","6.2832","-0.13%"
"Mar 28, 2018","6.2979","6.2706","6.3010","6.2705","0.24%"
"Mar 27, 2018","6.2831","6.2596","6.2866","6.2460","0.15%"
"Mar 26, 2018","6.2734","6.3139","6.3208","6.2734","-0.67%"
"Mar 23, 2018","6.3160","6.3351","6.3382","6.3160","-0.30%"
"Mar 22, 2018","6.3350","6.3156","6.3361","6.3155","0.19%"
"Mar 21, 2018","6.3232","6.3364","6.3373","6.3232","-0.17%"
"Mar 20, 2018","6.3341","6.3255","6.3343","6.3246","0.03%"
"Mar 19, 2018","6.3322","6.3372","6.3397","6.3302","-0.04%"
"Mar 16, 2018","6.3350","6.3352","6.3377","6.3259","0.20%"
"Mar 15, 2018","6.3221","6.3080","6.3244","6.3071","0.06%"
"Mar 14, 2018","6.3180","6.3220","6.3261","6.3100","-0.06%"
"Mar 13, 2018","6.3216","6.3223","6.3362","6.3216","-0.13%"
"Mar 12, 2018","6.3300","6.3301","6.3352","6.3241","-0.04%"
"Mar 09, 2018","6.3326","6.3502","6.3556","6.3326","-0.15%"
"Mar 08, 2018","6.3422","6.3332","6.3423","6.3262","0.26%"
"Mar 07, 2018","6.3255","6.3269","6.3332","6.3195","0.25%"
"Mar 06, 2018","6.3098","6.3350","6.3479","6.3098","-0.63%"
"Mar 05, 2018","6.3495","6.3285","6.3496","6.3281","0.06%"
"Mar 02, 2018","6.3454","6.3446","6.3627","6.3406","-0.20%"
"Mar 01, 2018","6.3582","6.3295","6.3602","6.3295","0.43%"
"Feb 28, 2018","6.3311","6.3345","6.3369","6.3247","0.22%"
"Feb 27, 2018","6.3170","6.3002","6.3172","6.2932","0.02%"
"Feb 26, 2018","6.3160","6.3266","6.3281","6.3078","-0.34%"
"Feb 23, 2018","6.3373","6.3498","6.3524","6.3354","-0.20%"
"Feb 22, 2018","6.3501","6.3479","6.3655","6.3457","0.03%"
"Feb 21, 2018","6.3482","6.3482","6.3482","6.3482","0.00%"
"Feb 20, 2018","6.3482","6.3482","6.3482","6.3482","0.00%"
"Feb 19, 2018","6.3482","6.3482","6.3482","6.3482","0.00%"
"Feb 16, 2018","6.3482","6.3482","6.3482","6.3482","0.00%"
"Feb 15, 2018","6.3482","6.3482","6.3482","6.3482","0.00%"
"Feb 14, 2018","6.3482","6.3393","6.3574","6.3339","0.11%"
"Feb 13, 2018","6.3410","6.3281","6.3505","6.3240","0.21%"
"Feb 12, 2018","6.3275","6.2939","6.3328","6.2875","0.49%"
"Feb 09, 2018","6.2969","6.3252","6.3318","6.2932","-0.48%"
"Feb 08, 2018","6.3270","6.2899","6.3449","6.2854","0.92%"
"Feb 07, 2018","6.2694","6.2645","6.2703","6.2565","-0.22%"
"Feb 06, 2018","6.2832","6.2977","6.3010","6.2688","-0.11%"
"Feb 05, 2018","6.2900","6.3064","6.3097","6.2867","-0.18%"
"Feb 02, 2018","6.3014","6.2823","6.3041","6.2707","0.03%"
"Feb 01, 2018","6.2995","6.2956","6.3097","6.2885","0.17%"
"Jan 31, 2018","6.2888","6.3302","6.3353","6.2882","-0.56%"
"Jan 30, 2018","6.3239","6.3370","6.3477","6.3197","-0.21%"
"Jan 29, 2018","6.3374","6.3296","6.3398","6.3266","0.27%"
"Jan 26, 2018","6.3201","6.3261","6.3343","6.3118","-0.06%"
"Jan 25, 2018","6.3238","6.3579","6.3600","6.3185","-0.73%"
"Jan 24, 2018","6.3700","6.3970","6.4013","6.3696","-0.54%"
"Jan 23, 2018","6.4047","6.3948","6.4139","6.3948","-0.01%"
"Jan 22, 2018","6.4052","6.4102","6.4157","6.3998","0.02%"
"Jan 19, 2018","6.4040","6.4056","6.4112","6.3926","-0.25%"
"Jan 18, 2018","6.4203","6.4374","6.4437","6.4177","-0.22%"
"Jan 17, 2018","6.4343","6.4273","6.4404","6.4199","-0.15%"
"Jan 16, 2018","6.4440","6.4391","6.4477","6.4266","0.11%"
"Jan 15, 2018","6.4371","6.4521","6.4560","6.4189","-0.37%"
"Jan 12, 2018","6.4610","6.4886","6.4905","6.4536","-0.54%"
"Jan 11, 2018","6.4958","6.5133","6.5179","6.4916","-0.19%"
"Jan 10, 2018","6.5081","6.5328","6.5373","6.5031","-0.33%"
"Jan 09, 2018","6.5297","6.5069","6.5329","6.5011","0.46%"
"Jan 08, 2018","6.4997","6.4768","6.5015","6.4768","0.17%"
"Jan 05, 2018","6.4887","6.4813","6.4911","6.4794","-0.07%"
"Jan 04, 2018","6.4934","6.5034","6.5111","6.4927","-0.15%"
"Jan 03, 2018","6.5030","6.4970","6.5126","6.4970","0.15%"
"Jan 02, 2018","6.4934","6.4963","6.5054","6.4920","-0.20%"
"Jan 01, 2018","6.5066","6.5066","6.5066","6.5066","0.00%"
"Dec 29, 2017","6.5066","6.5274","6.5304","6.5027","-0.41%"
"Dec 28, 2017","6.5334","6.5542","6.5598","6.5304","-0.36%"
"Dec 27, 2017","6.5568","6.5418","6.5598","6.5418","0.18%"
"Dec 26, 2017","6.5453","6.5399","6.5584","6.5354","0.09%"
"Dec 25, 2017","6.5397","6.5708","6.5732","6.5388","-0.57%"
"Dec 22, 2017","6.5774","6.5819","6.5860","6.5694","-0.11%"
"Dec 21, 2017","6.5847","6.5595","6.5885","6.5550","0.09%"
"Dec 20, 2017","6.5785","6.6040","6.6066","6.5758","-0.40%"
"Dec 19, 2017","6.6047","6.6159","6.6185","6.6022","-0.18%"
"Dec 18, 2017","6.6164","6.6122","6.6190","6.6120","0.11%"
"Dec 15, 2017","6.6094","6.6071","6.6117","6.6063","-0.00%"
"Dec 14, 2017","6.6095","6.6047","6.6117","6.6041","-0.12%"
"Dec 13, 2017","6.6174","6.6198","6.6230","6.6163","-0.06%"
"Dec 12, 2017","6.6215","6.6151","6.6235","6.6151","0.04%"
"Dec 11, 2017","6.6186","6.6162","6.6188","6.6150","-0.04%"
"Dec 08, 2017","6.6212","6.6184","6.6219","6.6152","0.03%"
"Dec 07, 2017","6.6193","6.6170","6.6212","6.6145","0.07%"
"Dec 06, 2017","6.6148","6.6173","6.6208","6.6117","-0.06%"
"Dec 05, 2017","6.6191","6.6163","6.6200","6.6126","-0.01%"
"Dec 04, 2017","6.6197","6.6113","6.6212","6.6113","0.03%"
"Dec 01, 2017","6.6174","6.6112","6.6193","6.6082","0.07%"
"Nov 30, 2017","6.6128","6.6143","6.6212","6.6060","0.05%"
"Nov 29, 2017","6.6094","6.6052","6.6118","6.5946","0.03%"
"Nov 28, 2017","6.6076","6.6028","6.6120","6.5938","0.16%"
"Nov 27, 2017","6.5969","6.6001","6.6071","6.5960","-0.08%"
"Nov 24, 2017","6.6022","6.5765","6.6085","6.5762","0.28%"
"Nov 23, 2017","6.5835","6.6131","6.6131","6.5761","-0.40%"
"Nov 22, 2017","6.6102","6.6281","6.6343","6.6092","-0.29%"
"Nov 21, 2017","6.6296","6.6331","6.6451","6.6277","-0.08%"
"Nov 20, 2017","6.6350","6.6295","6.6422","6.6295","0.12%"
"Nov 17, 2017","6.6268","6.6296","6.6373","6.6242","-0.06%"
"Nov 16, 2017","6.6307","6.6235","6.6406","6.6235","0.11%"
"Nov 15, 2017","6.6235","6.6385","6.6388","6.6158","-0.19%"
"Nov 14, 2017","6.6363","6.6398","6.6451","6.6344","-0.06%"
"Nov 13, 2017","6.6405","6.6500","6.6531","6.6386","-0.01%"
"Nov 10, 2017","6.6414","6.6394","6.6466","6.6361","0.02%"
"Nov 09, 2017","6.6403","6.6274","6.6441","6.6266","0.19%"
"Nov 08, 2017","6.6280","6.6411","6.6467","6.6257","-0.18%"
"Nov 07, 2017","6.6400","6.6321","6.6421","6.6224","0.09%"
"Nov 06, 2017","6.6338","6.6387","6.6434","6.6303","-0.08%"
"Nov 03, 2017","6.6390","6.6098","6.6399","6.6066","0.46%"
"Nov 02, 2017","6.6089","6.6039","6.6132","6.5851","0.09%"
"Nov 01, 2017","6.6029","6.6339","6.6385","6.6011","-0.48%"
"Oct 31, 2017","6.6349","6.6461","6.6461","6.6250","-0.17%"
"Oct 30, 2017","6.6465","6.6481","6.6526","6.6445","-0.07%"
"Oct 27, 2017","6.6514","6.6408","6.6632","6.6407","0.13%"
"Oct 26, 2017","6.6426","6.6384","6.6435","6.6319","0.05%"
"Oct 25, 2017","6.6391","6.6376","6.6491","6.6352","0.05%"
"Oct 24, 2017","6.6358","6.6403","6.6403","6.6269","-0.06%"
"Oct 23, 2017","6.6400","6.6205","6.6411","6.6205","0.29%"
"Oct 20, 2017","6.6205","6.6145","6.6271","6.6050","0.08%"
"Oct 19, 2017","6.6151","6.6275","6.6391","6.6126","-0.19%"
"Oct 18, 2017","6.6274","6.6245","6.6291","6.6079","0.06%"
"Oct 17, 2017","6.6235","6.5900","6.6248","6.5899","0.51%"
"Oct 16, 2017","6.5899","6.5799","6.5944","6.5743","0.16%"
"Oct 13, 2017","6.5796","6.5866","6.5886","6.5737","-0.13%"
"Oct 12, 2017","6.5880","6.5896","6.5996","6.5838","-0.03%"
"Oct 11, 2017","6.5903","6.5724","6.6002","6.5724","0.29%"
"Oct 10, 2017","6.5714","6.6238","6.6238","6.5714","-0.82%"
"Oct 09, 2017","6.6255","6.6553","6.6571","6.6221","-0.42%"
"Oct 06, 2017","6.6534","6.6534","6.6534","6.6534","0.00%"
"Oct 05, 2017","6.6534","6.6534","6.6534","6.6534","0.00%"
"Oct 04, 2017","6.6534","6.6534","6.6534","6.6534","0.00%"
"Oct 03, 2017","6.6534","6.6534","6.6534","6.6534","0.00%"
"Oct 02, 2017","6.6534","6.6534","6.6534","6.6534","0.00%"
"Sep 29, 2017","6.6534","6.6571","6.6821","6.6368","-0.16%"
"Sep 28, 2017","6.6640","6.6437","6.6780","6.6437","0.32%"
"Sep 27, 2017","6.6425","6.6371","6.6447","6.6321","0.04%"
"Sep 26, 2017","6.6400","6.6180","6.6418","6.6144","0.28%"
"Sep 25, 2017","6.6212","6.5919","6.6226","6.5919","0.46%"
"Sep 22, 2017","6.5911","6.5873","6.5996","6.5732","0.02%"
"Sep 21, 2017","6.5899","6.5739","6.6041","6.5739","0.23%"
"Sep 20, 2017","6.5749","6.5849","6.5849","6.5675","-0.14%"
"Sep 19, 2017","6.5838","6.5762","6.6006","6.5758","0.15%"
"Sep 18, 2017","6.5742","6.5476","6.5758","6.5473","0.33%"
"Sep 15, 2017","6.5526","6.5545","6.5552","6.5388","-0.05%"
"Sep 14, 2017","6.5560","6.5440","6.5601","6.5440","0.20%"
"Sep 13, 2017","6.5430","6.5364","6.5431","6.5236","0.12%"
"Sep 12, 2017","6.5354","6.5274","6.5498","6.5272","0.09%"
"Sep 11, 2017","6.5297","6.5093","6.5303","6.5016","0.74%"
"Sep 08, 2017","6.4817","6.4874","6.4874","6.4390","-0.08%"
"Sep 07, 2017","6.4866","6.5255","6.5321","6.4855","-0.57%"
"Sep 06, 2017","6.5240","6.5364","6.5485","6.5194","-0.23%"
"Sep 05, 2017","6.5388","6.5312","6.5579","6.5194","0.12%"
"Sep 04, 2017","6.5309","6.5592","6.5605","6.5217","-0.43%"
"Sep 01, 2017","6.5591","6.5927","6.5927","6.5516","-0.47%"
"Aug 31, 2017","6.5899","6.5927","6.6025","6.5876","-0.07%"
"Aug 30, 2017","6.5944","6.5971","6.5998","6.5823","-0.04%"
"Aug 29, 2017","6.5968","6.6220","6.6250","6.5938","-0.29%"
"Aug 28, 2017","6.6159","6.6467","6.6467","6.6159","-0.51%"
"Aug 25, 2017","6.6498","6.6632","6.6707","6.6463","-0.18%"
"Aug 24, 2017","6.6620","6.6589","6.6661","6.6541","0.05%"
"Aug 23, 2017","6.6589","6.6620","6.6693","6.6585","-0.05%"
"Aug 22, 2017","6.6624","6.6654","6.6654","6.6546","-0.05%"
"Aug 21, 2017","6.6656","6.6726","6.6762","6.6656","-0.08%"
"Aug 18, 2017","6.6712","6.6742","6.6828","6.6677","-0.06%"
"Aug 17, 2017","6.6755","6.6925","6.6925","6.6657","-0.24%"
"Aug 16, 2017","6.6916","6.6860","6.6981","6.6825","0.09%"
"Aug 15, 2017","6.6855","6.6705","6.6864","6.6690","0.22%"
"Aug 14, 2017","6.6711","6.6619","6.6727","6.6570","0.10%"
"Aug 11, 2017","6.6647","6.6495","6.6801","6.6495","0.26%"
"Aug 10, 2017","6.6475","6.6734","6.6734","6.6464","-0.40%"
"Aug 09, 2017","6.6739","6.7068","6.7075","6.6708","-0.49%"
"Aug 08, 2017","6.7065","6.7222","6.7222","6.6966","-0.22%"
"Aug 07, 2017","6.7214","6.7264","6.7290","6.7171","-0.11%"
"Aug 04, 2017","6.7290","6.7168","6.7306","6.7149","0.18%"
"Aug 03, 2017","6.7169","6.7219","6.7331","6.7169","-0.07%"
"Aug 02, 2017","6.7219","6.7189","6.7297","6.7189","0.06%"
"Aug 01, 2017","6.7181","6.7252","6.7252","6.7157","-0.12%"
"Jul 31, 2017","6.7265","6.7387","6.7387","6.7232","-0.16%"
"Jul 28, 2017","6.7374","6.7422","6.7498","6.7364","-0.08%"
"Jul 27, 2017","6.7430","6.7550","6.7550","6.7250","-0.16%"
"Jul 26, 2017","6.7539","6.7504","6.7595","6.7504","0.04%"
"Jul 25, 2017","6.7511","6.7504","6.7568","6.7425","0.00%"
"Jul 24, 2017","6.7511","6.7687","6.7687","6.7507","-0.23%"
"Jul 21, 2017","6.7669","6.7576","6.7705","6.7555","0.11%"
"Jul 20, 2017","6.7595","6.7536","6.7744","6.7536","0.11%"
"Jul 19, 2017","6.7519","6.7458","6.7591","6.7458","0.08%"
"Jul 18, 2017","6.7463","6.7702","6.7702","6.7416","-0.35%"
"Jul 17, 2017","6.7700","6.7751","6.7763","6.7654","-0.09%"
"Jul 14, 2017","6.7758","6.7842","6.7860","6.7692","-0.11%"
"Jul 13, 2017","6.7835","6.7874","6.7874","6.7766","-0.06%"
"Jul 12, 2017","6.7877","6.8022","6.8022","6.7869","-0.22%"
"Jul 11, 2017","6.8025","6.8041","6.8086","6.7997","-0.02%"
"Jul 10, 2017","6.8036","6.8049","6.8049","6.7998","-0.04%"
"Jul 07, 2017","6.8060","6.8011","6.8060","6.7969","0.07%"
"Jul 06, 2017","6.8015","6.8020","6.8074","6.7977","0.00%"
"Jul 05, 2017","6.8015","6.8005","6.8035","6.7936","0.01%"
"Jul 04, 2017","6.8007","6.8007","6.8030","6.7970","0.00%"
"Jul 03, 2017","6.8007","6.7781","6.8013","6.7781","0.29%"
"Jun 30, 2017","6.7809","6.7856","6.7856","6.7614","-0.09%"
"Jun 29, 2017","6.7870","6.8014","6.8014","6.7749","-0.19%"
"Jun 28, 2017","6.7998","6.8114","6.8114","6.7944","-0.19%"
"Jun 27, 2017","6.8126","6.8408","6.8466","6.8088","-0.42%"
"Jun 26, 2017","6.8411","6.8339","6.8468","6.8339","0.07%"
"Jun 23, 2017","6.8366","6.8346","6.8454","6.8346","0.02%"
"Jun 22, 2017","6.8349","6.8300","6.8365","6.8274","0.08%"
"Jun 21, 2017","6.8295","6.8305","6.8363","6.8250","0.00%"
"Jun 20, 2017","6.8292","6.8187","6.8360","6.8182","0.14%"
"Jun 19, 2017","6.8195","6.8112","6.8199","6.8063","0.13%"
"Jun 16, 2017","6.8104","6.8048","6.8162","6.8046","0.04%"
"Jun 15, 2017","6.8079","6.7896","6.8079","6.7896","0.24%"
"Jun 14, 2017","6.7916","6.7988","6.8007","6.7886","-0.11%"
"Jun 13, 2017","6.7991","6.7970","6.7995","6.7965","0.01%"
"Jun 12, 2017","6.7982","6.7950","6.7996","6.7948","0.00%"
"Jun 09, 2017","6.7980","6.7961","6.8041","6.7955","-0.03%"
"Jun 08, 2017","6.8003","6.7964","6.8014","6.7938","0.07%"
"Jun 07, 2017","6.7957","6.7863","6.7979","6.7862","0.01%"
"Jun 06, 2017","6.7953","6.8037","6.8037","6.7926","-0.13%"
"Jun 05, 2017","6.8040","6.7986","6.8059","6.7973","-0.11%"
"Jun 02, 2017","6.8117","6.8052","6.8242","6.8045","0.06%"
"Jun 01, 2017","6.8078","6.8056","6.8120","6.7878","-0.03%"
"May 31, 2017","6.8101","6.8528","6.8529","6.8101","-0.66%"
"May 30, 2017","6.8556","6.8556","6.8556","6.8556","0.00%"
"May 29, 2017","6.8556","6.8556","6.8556","6.8556","0.00%"
"May 26, 2017","6.8556","6.8703","6.8703","6.8490","-0.19%"
"May 25, 2017","6.8689","6.8899","6.8899","6.8654","-0.30%"
"May 24, 2017","6.8899","6.8896","6.8959","6.8895","-0.00%"
"May 23, 2017","6.8900","6.8848","6.8941","6.8818","0.05%"
"May 22, 2017","6.8864","6.8865","6.8960","6.8835","0.02%"
"May 19, 2017","6.8850","6.8900","6.8974","6.8848","-0.06%"
"May 18, 2017","6.8892","6.8849","6.8968","6.8848","0.11%"
"May 17, 2017","6.8819","6.8887","6.8963","6.8819","-0.07%"
"May 16, 2017","6.8867","6.8926","6.8964","6.8845","-0.09%"
"May 15, 2017","6.8930","6.9002","6.9032","6.8930","-0.09%"
"May 12, 2017","6.8994","6.9013","6.9070","6.8994","-0.06%"
"May 11, 2017","6.9036","6.9035","6.9081","6.9016","0.01%"
"May 10, 2017","6.9032","6.9071","6.9094","6.8970","-0.06%"
"May 09, 2017","6.9074","6.9075","6.9095","6.9052","0.04%"
"May 08, 2017","6.9045","6.8993","6.9067","6.8991","0.02%"
"May 05, 2017","6.9031","6.8937","6.9032","6.8937","0.10%"
"May 04, 2017","6.8962","6.8968","6.8988","6.8901","-0.04%"
"May 03, 2017","6.8989","6.8966","6.8990","6.8907","0.04%"
"May 02, 2017","6.8960","6.8910","6.8985","6.8910","0.04%"
"May 01, 2017","6.8935","6.8935","6.8935","6.8935","0.00%"
"Apr 28, 2017","6.8935","6.8956","6.9016","6.8903","-0.06%"
"Apr 27, 2017","6.8979","6.8939","6.9009","6.8921","0.08%"
"Apr 26, 2017","6.8926","6.8833","6.8928","6.8829","0.11%"
"Apr 25, 2017","6.8847","6.8863","6.8891","6.8809","-0.00%"
"Apr 24, 2017","6.8848","6.8808","6.8882","6.8807","-0.02%"
"Apr 21, 2017","6.8859","6.8814","6.8861","6.8789","0.05%"
"Apr 20, 2017","6.8822","6.8883","6.8933","6.8819","-0.08%"
"Apr 19, 2017","6.8880","6.8798","6.8892","6.8770","0.09%"
"Apr 18, 2017","6.8819","6.8841","6.8951","6.8806","-0.01%"
"Apr 17, 2017","6.8823","6.8825","6.8916","6.8783","-0.05%"
"Apr 14, 2017","6.8854","6.8884","6.8893","6.8821","-0.07%"
"Apr 13, 2017","6.8900","6.8925","6.8925","6.8765","-0.02%"
"Apr 12, 2017","6.8915","6.8918","6.9019","6.8902","-0.01%"
"Apr 11, 2017","6.8923","6.9018","6.9068","6.8910","-0.16%"
"Apr 10, 2017","6.9031","6.9093","6.9150","6.9031","0.04%"
"Apr 07, 2017","6.9004","6.8981","6.9062","6.8904","0.04%"
"Apr 06, 2017","6.8978","6.8943","6.9047","6.8943","0.04%"
"Apr 05, 2017","6.8948","6.8860","6.8990","6.8860","0.11%"
"Apr 04, 2017","6.8871","6.8871","6.8871","6.8871","0.00%"
"Apr 03, 2017","6.8871","6.8871","6.8871","6.8871","0.00%"
"Mar 31, 2017","6.8871","6.8909","6.9064","6.8867","-0.03%"
"Mar 30, 2017","6.8894","6.8903","6.8974","6.8894","-0.01%"
"Mar 29, 2017","6.8900","6.8800","6.8960","6.8800","0.14%"
"Mar 28, 2017","6.8802","6.8710","6.8892","6.8707","0.11%"
"Mar 27, 2017","6.8728","6.8830","6.8830","6.8677","-0.16%"
"Mar 24, 2017","6.8837","6.8877","6.8998","6.8837","-0.03%"
"Mar 23, 2017","6.8861","6.8879","6.8949","6.8849","0.05%"
"Mar 22, 2017","6.8828","6.8873","6.8959","6.8828","-0.06%"
"Mar 21, 2017","6.8869","6.9089","6.9113","6.8869","-0.31%"
"Mar 20, 2017","6.9085","6.9049","6.9112","6.9035","0.07%"
"Mar 17, 2017","6.9034","6.8984","6.9110","6.8984","0.08%"
"Mar 16, 2017","6.8980","6.9162","6.9162","6.8910","-0.24%"
"Mar 15, 2017","6.9147","6.9106","6.9173","6.9105","-0.00%"
"Mar 14, 2017","6.9150","6.9136","6.9225","6.9131","0.01%"
"Mar 13, 2017","6.9145","6.9070","6.9146","6.9060","0.07%"
"Mar 10, 2017","6.9095","6.9147","6.9217","6.9080","-0.03%"
"Mar 09, 2017","6.9113","6.9129","6.9226","6.9085","-0.03%"
"Mar 08, 2017","6.9131","6.9009","6.9132","6.9002","0.15%"
"Mar 07, 2017","6.9025","6.8994","6.9071","6.8987","0.07%"
"Mar 06, 2017","6.8974","6.8868","6.9005","6.8868","0.00%"
"Mar 03, 2017","6.8972","6.8918","6.9079","6.8918","0.11%"
"Mar 02, 2017","6.8899","6.8802","6.8911","6.8801","0.12%"
"Mar 01, 2017","6.8819","6.8755","6.8826","6.8750","0.21%"
"Feb 28, 2017","6.8678","6.8723","6.8730","6.8624","-0.04%"
"Feb 27, 2017","6.8708","6.8795","6.8816","6.8689","0.03%"
"Feb 24, 2017","6.8690","6.8735","6.8783","6.8690","0.04%"
"Feb 23, 2017","6.8661","6.8817","6.8840","6.8646","-0.17%"
"Feb 22, 2017","6.8777","6.8795","6.8834","6.8754","-0.09%"
"Feb 21, 2017","6.8841","6.8808","6.8895","6.8800","0.08%"
"Feb 20, 2017","6.8785","6.8685","6.8826","6.8675","0.17%"
"Feb 17, 2017","6.8665","6.8550","6.8735","6.8549","0.19%"
"Feb 16, 2017","6.8537","6.8625","6.8639","6.8489","-0.25%"
"Feb 15, 2017","6.8711","6.8701","6.8778","6.8633","0.05%"
"Feb 14, 2017","6.8674","6.8776","6.8894","6.8589","-0.20%"
"Feb 13, 2017","6.8815","6.8817","6.8920","6.8724","0.04%"
"Feb 10, 2017","6.8785","6.8761","6.8826","6.8740","0.14%"
"Feb 09, 2017","6.8689","6.8680","6.8736","6.8621","-0.05%"
"Feb 08, 2017","6.8723","6.8822","6.8938","6.8703","-0.17%"
"Feb 07, 2017","6.8843","6.8625","6.8863","6.8612","0.31%"
"Feb 06, 2017","6.8630","6.8655","6.8708","6.8590","-0.10%"
"Feb 03, 2017","6.8697","6.8700","6.8795","6.8692","-0.17%"
"Feb 02, 2017","6.8816","6.8816","6.8816","6.8816","0.00%"
"Feb 01, 2017","6.8816","6.8816","6.8816","6.8816","0.00%"
"Jan 31, 2017","6.8816","6.8816","6.8816","6.8816","0.00%"
"Jan 30, 2017","6.8816","6.8816","6.8816","6.8816","0.00%"
"Jan 27, 2017","6.8816","6.8816","6.8816","6.8816","0.00%"
"Jan 26, 2017","6.8816","6.8739","6.8856","6.8734","-0.03%"
"Jan 25, 2017","6.8836","6.8582","6.8855","6.8582","0.36%"
"Jan 24, 2017","6.8590","6.8414","6.8652","6.8414","0.07%"
"Jan 23, 2017","6.8540","6.8595","6.8605","6.8360","-0.33%"
"Jan 20, 2017","6.8765","6.8616","6.8822","6.8616","0.08%"
"Jan 19, 2017","6.8712","6.8632","6.8800","6.8540","0.47%"
"Jan 18, 2017","6.8390","6.8531","6.8741","6.8319","-0.23%"
"Jan 17, 2017","6.8546","6.9016","6.9059","6.8546","-0.67%"
"Jan 16, 2017","6.9009","6.8982","6.9024","6.8932","0.01%"
"Jan 13, 2017","6.9005","6.9010","6.9051","6.8871","0.13%"
"Jan 12, 2017","6.8915","6.9205","6.9246","6.8889","-0.67%"
"Jan 11, 2017","6.9378","6.9267","6.9379","6.9233","0.24%"
"Jan 10, 2017","6.9215","6.9321","6.9343","6.9215","-0.23%"
"Jan 09, 2017","6.9375","6.9315","6.9381","6.9315","0.24%"
"Jan 06, 2017","6.9207","6.8772","6.9404","6.8762","0.45%"
"Jan 05, 2017","6.8900","6.9300","6.9324","6.8709","-0.65%"
"Jan 04, 2017","6.9351","6.9570","6.9594","6.9351","-0.37%"
"Jan 03, 2017","6.9610","6.9569","6.9638","6.9558","0.23%"
"Jan 02, 2017","6.9450","6.9450","6.9450","6.9450","0.00%"
"Dec 30, 2016","6.9450","6.9555","6.9555","6.9420","-0.15%"
"Dec 29, 2016","6.9553","6.9502","6.9576","6.9497","-0.06%"
"Dec 28, 2016","6.9593","6.9515","6.9620","6.9515","0.10%"
"Dec 27, 2016","6.9525","6.9514","6.9542","6.9464","0.05%"
"Dec 26, 2016","6.9489","6.9439","6.9506","6.9439","0.04%"
"Dec 23, 2016","6.9464","6.9482","6.9532","6.9442","-0.06%"
"Dec 22, 2016","6.9504","6.9452","6.9516","6.9452","0.12%"
"Dec 21, 2016","6.9421","6.9501","6.9549","6.9421","-0.12%"
"Dec 20, 2016","6.9505","6.9505","6.9595","6.9494","-0.05%"
"Dec 19, 2016","6.9539","6.9428","6.9546","6.9428","-0.09%"
"Dec 16, 2016","6.9603","6.9520","6.9624","6.9478","0.23%"
"Dec 15, 2016","6.9443","6.9058","6.9444","6.9058","0.57%"
"Dec 14, 2016","6.9051","6.9025","6.9101","6.9009","0.05%"
"Dec 13, 2016","6.9017","6.9078","6.9078","6.9008","-0.08%"
"Dec 12, 2016","6.9069","6.9104","6.9187","6.9069","-0.01%"
"Dec 09, 2016","6.9077","6.9020","6.9085","6.9009","0.40%"
"Dec 08, 2016","6.8799","6.8827","6.8833","6.8759","-0.01%"
"Dec 07, 2016","6.8805","6.8815","6.8938","6.8790","-0.02%"
"Dec 06, 2016","6.8820","6.8791","6.8821","6.8653","0.01%"
"Dec 05, 2016","6.8810","6.8863","6.8933","6.8800","-0.08%"
"Dec 02, 2016","6.8865","6.8826","6.8903","6.8822","0.00%"
"Dec 01, 2016","6.8865","6.8935","6.8992","6.8865","-0.00%"
"Nov 30, 2016","6.8868","6.8864","6.8898","6.8838","-0.14%"
"Nov 29, 2016","6.8968","6.8942","6.9021","6.8935","-0.17%"
"Nov 28, 2016","6.9088","6.9074","6.9090","6.9028","-0.16%"
"Nov 25, 2016","6.9198","6.9222","6.9232","6.9142","0.00%"
"Nov 24, 2016","6.9196","6.9230","6.9238","6.9170","-0.01%"
"Nov 23, 2016","6.9202","6.8887","6.9203","6.8887","0.44%"
"Nov 22, 2016","6.8900","6.8938","6.8938","6.8840","-0.04%"
"Nov 21, 2016","6.8928","6.8880","6.9000","6.8864","0.06%"
"Nov 18, 2016","6.8887","6.8764","6.8929","6.8764","0.15%"
"Nov 17, 2016","6.8783","6.8792","6.8792","6.8697","-0.03%"
"Nov 16, 2016","6.8804","6.8604","6.8804","6.8604","0.31%"
"Nov 15, 2016","6.8591","6.8445","6.8675","6.8445","0.18%"
"Nov 14, 2016","6.8468","6.8111","6.8472","6.8111","0.50%"
"Nov 11, 2016","6.8125","6.8170","6.8193","6.7989","0.16%"
"Nov 10, 2016","6.8019","6.7939","6.8022","6.7918","0.32%"
"Nov 09, 2016","6.7800","6.7851","6.7877","6.7581","-0.11%"
"Nov 08, 2016","6.7874","6.7774","6.7877","6.7774","0.16%"
"Nov 07, 2016","6.7766","6.7560","6.7783","6.7560","0.30%"
"Nov 04, 2016","6.7565","6.7642","6.7649","6.7564","-0.12%"
"Nov 03, 2016","6.7646","6.7578","6.7664","6.7578","0.11%"
"Nov 02, 2016","6.7570","6.7617","6.7678","6.7569","-0.14%"
"Nov 01, 2016","6.7665","6.7770","6.7803","6.7651","-0.14%"
"Oct 31, 2016","6.7758","6.7715","6.7758","6.7703","-0.05%"
"Oct 28, 2016","6.7790","6.7850","6.7899","6.7782","-0.09%"
"Oct 27, 2016","6.7851","6.7752","6.7851","6.7752","0.21%"
"Oct 26, 2016","6.7711","6.7726","6.7747","6.7671","-0.15%"
"Oct 25, 2016","6.7812","6.7760","6.7841","6.7760","0.09%"
"Oct 24, 2016","6.7752","6.7645","6.7764","6.7645","0.13%"
"Oct 21, 2016","6.7667","6.7452","6.7672","6.7452","0.32%"
"Oct 20, 2016","6.7454","6.7385","6.7454","6.7355","0.11%"
"Oct 19, 2016","6.7379","6.7367","6.7413","6.7359","-0.04%"
"Oct 18, 2016","6.7409","6.7359","6.7419","6.7331","0.05%"
"Oct 17, 2016","6.7375","6.7324","6.7425","6.7321","0.13%"
"Oct 14, 2016","6.7289","6.7260","6.7289","6.7217","0.02%"
"Oct 13, 2016","6.7274","6.7277","6.7341","6.7238","0.13%"
"Oct 12, 2016","6.7190","6.7161","6.7237","6.7140","-0.04%"
"Oct 11, 2016","6.7220","6.7091","6.7220","6.7078","0.22%"
"Oct 10, 2016","6.7074","6.6704","6.7081","6.6704","0.54%"
"Oct 07, 2016","6.6716","6.6716","6.6716","6.6716","0.00%"
"Oct 06, 2016","6.6716","6.6716","6.6716","6.6716","0.00%"
"Oct 05, 2016","6.6716","6.6716","6.6716","6.6716","0.00%"
"Oct 04, 2016","6.6716","6.6716","6.6716","6.6716","0.00%"
"Oct 03, 2016","6.6716","6.6716","6.6716","6.6716","0.00%"
"Sep 30, 2016","6.6716","6.6681","6.6739","6.6666","0.06%"
"Sep 29, 2016","6.6673","6.6753","6.6753","6.6650","-0.12%"
"Sep 28, 2016","6.6752","6.6718","6.6756","6.6673","0.08%"
"Sep 27, 2016","6.6701","6.6693","6.6708","6.6661","0.02%"
"Sep 26, 2016","6.6689","6.6732","6.6732","6.6689","-0.01%"
"Sep 23, 2016","6.6695","6.6661","6.6715","6.6635","0.07%"
"Sep 22, 2016","6.6648","6.6638","6.6732","6.6638","-0.11%"
"Sep 21, 2016","6.6721","6.6742","6.6759","6.6720","0.00%"
"Sep 20, 2016","6.6720","6.6701","6.6745","6.6670","0.05%"
"Sep 19, 2016","6.6685","6.6741","6.6755","6.6639","-0.07%"
"Sep 16, 2016","6.6734","6.6734","6.6734","6.6734","0.00%"
"Sep 15, 2016","6.6734","6.6734","6.6734","6.6734","0.00%"
"Sep 14, 2016","6.6734","6.6822","6.6822","6.6707","-0.09%"
"Sep 13, 2016","6.6794","6.6807","6.6814","6.6761","-0.01%"
"Sep 12, 2016","6.6802","6.6784","6.6823","6.6765","0.03%"
"Sep 09, 2016","6.6780","6.6662","6.6842","6.6662","0.21%"
"Sep 08, 2016","6.6643","6.6623","6.6691","6.6560","0.03%"
"Sep 07, 2016","6.6625","6.6751","6.6751","6.6617","-0.20%"
"Sep 06, 2016","6.6756","6.6799","6.6903","6.6756","-0.01%"
"Sep 05, 2016","6.6766","6.6806","6.6822","6.6752","-0.06%"
"Sep 02, 2016","6.6805","6.6762","6.6832","6.6743","0.13%"
"Sep 01, 2016","6.6715","6.6779","6.6807","6.6715","-0.12%"
"Aug 31, 2016","6.6793","6.6797","6.6823","6.6775","-0.03%"
"Aug 30, 2016","6.6811","6.6791","6.6837","6.6752","0.05%"
"Aug 29, 2016","6.6777","6.6753","6.6809","6.6700","0.09%"
"Aug 26, 2016","6.6719","6.6620","6.6723","6.6565","0.19%"
"Aug 25, 2016","6.6593","6.6594","6.6638","6.6540","0.00%"
"Aug 24, 2016","6.6590","6.6433","6.6597","6.6406","0.27%"
"Aug 23, 2016","6.6409","6.6534","6.6542","6.6406","-0.15%"
"Aug 22, 2016","6.6507","6.6660","6.6691","6.6463","-0.04%"
"Aug 19, 2016","6.6532","6.6314","6.6551","6.6314","0.33%"
"Aug 18, 2016","6.6312","6.6343","6.6350","6.6201","-0.05%"
"Aug 17, 2016","6.6343","6.6256","6.6365","6.6225","0.14%"
"Aug 16, 2016","6.6253","6.6383","6.6410","6.6149","-0.19%"
"Aug 15, 2016","6.6380","6.6441","6.6491","6.6360","0.04%"
"Aug 12, 2016","6.6353","6.6428","6.6490","6.6338","0.11%"
"Aug 11, 2016","6.6277","6.6309","6.6438","6.6277","-0.16%"
"Aug 10, 2016","6.6380","6.6564","6.6564","6.6292","-0.27%"
"Aug 09, 2016","6.6557","6.6624","6.6662","6.6549","-0.09%"
"Aug 08, 2016","6.6614","6.6602","6.6661","6.6587","0.08%"
"Aug 05, 2016","6.6564","6.6423","6.6566","6.6404","0.22%"
"Aug 04, 2016","6.6418","6.6350","6.6471","6.6330","0.11%"
"Aug 03, 2016","6.6342","6.6261","6.6361","6.6260","0.11%"
"Aug 02, 2016","6.6272","6.6454","6.6523","6.6266","-0.25%"
"Aug 01, 2016","6.6439","6.6308","6.6441","6.6308","0.10%"
"Jul 29, 2016","6.6373","6.6508","6.6561","6.6360","-0.27%"
"Jul 28, 2016","6.6554","6.6696","6.6696","6.6546","-0.22%"
"Jul 27, 2016","6.6700","6.6710","6.6748","6.6683","-0.03%"
"Jul 26, 2016","6.6720","6.6815","6.6824","6.6678","-0.10%"
"Jul 25, 2016","6.6785","6.6823","6.6830","6.6760","-0.01%"
"Jul 22, 2016","6.6795","6.6770","6.6797","6.6703","0.06%"
"Jul 21, 2016","6.6755","6.6780","6.6836","6.6700","-0.03%"
"Jul 20, 2016","6.6777","6.6949","6.6949","6.6718","-0.28%"
"Jul 19, 2016","6.6963","6.7045","6.7045","6.6920","-0.12%"
"Jul 18, 2016","6.7045","6.6932","6.7066","6.6932","0.24%"
"Jul 15, 2016","6.6887","6.6818","6.6887","6.6814","0.08%"
"Jul 14, 2016","6.6836","6.6875","6.6917","6.6836","-0.04%"
"Jul 13, 2016","6.6863","6.6821","6.6955","6.6811","-0.03%"
"Jul 12, 2016","6.6885","6.6905","6.6946","6.6836","-0.08%"
"Jul 11, 2016","6.6939","6.6872","6.6939","6.6862","0.09%"
"Jul 08, 2016","6.6881","6.6851","6.6892","6.6798","0.11%"
"Jul 07, 2016","6.6810","6.6870","6.6898","6.6800","-0.18%"
"Jul 06, 2016","6.6930","6.6855","6.6977","6.6840","0.20%"
"Jul 05, 2016","6.6796","6.6651","6.6799","6.6651","0.21%"
"Jul 04, 2016","6.6653","6.6570","6.6688","6.6533","0.14%"
"Jul 01, 2016","6.6557","6.6469","6.6623","6.6469","0.12%"
"Jun 30, 2016","6.6480","6.6372","6.6563","6.6372","0.17%"
"Jun 29, 2016","6.6367","6.6467","6.6557","6.6348","-0.17%"
"Jun 28, 2016","6.6481","6.6511","6.6559","6.6445","-0.05%"
"Jun 27, 2016","6.6516","6.6390","6.6544","6.6349","0.45%"
"Jun 24, 2016","6.6218","6.5868","6.6313","6.5868","0.68%"
"Jun 23, 2016","6.5772","6.5762","6.5857","6.5708","-0.00%"
"Jun 22, 2016","6.5775","6.5924","6.5954","6.5725","-0.19%"
"Jun 21, 2016","6.5903","6.5740","6.5910","6.5730","0.20%"
"Jun 20, 2016","6.5770","6.5829","6.5829","6.5724","-0.17%"
"Jun 17, 2016","6.5884","6.5934","6.5960","6.5817","-0.05%"
"Jun 16, 2016","6.5920","6.5806","6.5930","6.5721","0.15%"
"Jun 15, 2016","6.5818","6.6060","6.6076","6.5811","-0.22%"
"Jun 14, 2016","6.5965","6.5823","6.5981","6.5823","0.16%"
"Jun 13, 2016","6.5857","6.5624","6.5926","6.5624","0.36%"
"Jun 10, 2016","6.5619","6.5619","6.5619","6.5619","0.00%"
"Jun 09, 2016","6.5619","6.5619","6.5619","6.5619","-0.01%"
"Jun 08, 2016","6.5625","6.5732","6.5739","6.5612","-0.14%"
"Jun 07, 2016","6.5715","6.5653","6.5739","6.5653","0.12%"
"Jun 06, 2016","6.5637","6.5549","6.5689","6.5549","-0.02%"
"Jun 03, 2016","6.5648","6.5825","6.5883","6.5648","-0.30%"
"Jun 02, 2016","6.5845","6.5772","6.5865","6.5769","0.14%"
"Jun 01, 2016","6.5751","6.5840","6.5944","6.5746","-0.12%"
"May 31, 2016","6.5829","6.5830","6.5889","6.5751","-0.00%"
"May 30, 2016","6.5832","6.5800","6.5847","6.5762","0.30%"
"May 27, 2016","6.5633","6.5548","6.5665","6.5544","0.10%"
"May 26, 2016","6.5570","6.5598","6.5644","6.5525","0.04%"
"May 25, 2016","6.5541","6.5594","6.5650","6.5541","-0.05%"
"May 24, 2016","6.5572","6.5515","6.5592","6.5507","0.02%"
"May 23, 2016","6.5557","6.5442","6.5599","6.5424","0.10%"
"May 20, 2016","6.5490","6.5463","6.5490","6.5385","0.03%"
"May 19, 2016","6.5470","6.5455","6.5507","6.5408","0.13%"
"May 18, 2016","6.5388","6.5253","6.5406","6.5253","0.28%"
"May 17, 2016","6.5204","6.5222","6.5309","6.5190","-0.01%"
"May 16, 2016","6.5212","6.5288","6.5332","6.5196","-0.17%"
"May 13, 2016","6.5320","6.5181","6.5343","6.5181","0.23%"
"May 12, 2016","6.5168","6.4973","6.5213","6.4973","0.38%"
"May 11, 2016","6.4920","6.5188","6.5188","6.4920","-0.40%"
"May 10, 2016","6.5183","6.5173","6.5266","6.5159","0.02%"
"May 09, 2016","6.5169","6.4979","6.5184","6.4979","0.26%"
"May 06, 2016","6.5001","6.5069","6.5105","6.4986","-0.05%"
"May 05, 2016","6.5034","6.5011","6.5095","6.4983","0.13%"
"May 04, 2016","6.4947","6.4916","6.5066","6.4915","0.05%"
"May 03, 2016","6.4917","6.4738","6.4917","6.4714","0.27%"
"May 02, 2016","6.4741","6.4741","6.4741","6.4741","0.00%"
"Apr 29, 2016","6.4741","6.4737","6.4882","6.4622","-0.03%"
"Apr 28, 2016","6.4759","6.4990","6.5047","6.4756","-0.29%"
"Apr 27, 2016","6.4950","6.4880","6.4972","6.4875","0.02%"
"Apr 26, 2016","6.4935","6.4896","6.4999","6.4896","0.01%"
"Apr 25, 2016","6.4930","6.5089","6.5115","6.4928","-0.12%"
"Apr 22, 2016","6.5009","6.4826","6.5009","6.4780","0.29%"
"Apr 21, 2016","6.4819","6.4810","6.4856","6.4715","0.17%"
"Apr 20, 2016","6.4708","6.4628","6.4733","6.4628","0.20%"
"Apr 19, 2016","6.4581","6.4756","6.4781","6.4581","-0.26%"
"Apr 18, 2016","6.4752","6.4802","6.4855","6.4752","-0.01%"
"Apr 15, 2016","6.4756","6.4826","6.4901","6.4701","-0.11%"
"Apr 14, 2016","6.4826","6.4857","6.4898","6.4778","0.06%"
"Apr 13, 2016","6.4784","6.4631","6.4784","6.4616","0.20%"
"Apr 12, 2016","6.4656","6.4613","6.4726","6.4572","0.09%"
"Apr 11, 2016","6.4595","6.4631","6.4745","6.4565","-0.10%"
"Apr 08, 2016","6.4658","6.4761","6.4827","6.4658","0.04%"
"Apr 07, 2016","6.4630","6.4784","6.4790","6.4630","-0.28%"
"Apr 06, 2016","6.4809","6.4782","6.4901","6.4771","0.06%"
"Apr 05, 2016","6.4772","6.4685","6.4786","6.4663","-0.02%"
"Apr 04, 2016","6.4786","6.4786","6.4786","6.4786","0.00%"
"Apr 01, 2016","6.4786","6.4604","6.4802","6.4604","0.46%"
"Mar 31, 2016","6.4490","6.4670","6.4690","6.4480","-0.25%"
"Mar 30, 2016","6.4650","6.5068","6.5068","6.4650","-0.64%"
"Mar 29, 2016","6.5066","6.5082","6.5117","6.5062","-0.01%"
"Mar 28, 2016","6.5075","6.5195","6.5214","6.5073","-0.13%"
"Mar 25, 2016","6.5160","6.5175","6.5231","6.5115","0.02%"
"Mar 24, 2016","6.5146","6.5114","6.5191","6.5083","0.13%"
"Mar 23, 2016","6.5062","6.4908","6.5088","6.4864","0.25%"
"Mar 22, 2016","6.4901","6.4977","6.5000","6.4864","0.08%"
"Mar 21, 2016","6.4846","6.4833","6.4897","6.4789","0.20%"
"Mar 18, 2016","6.4716","6.4762","6.4858","6.4629","-0.05%"
"Mar 17, 2016","6.4750","6.4966","6.5003","6.4725","-0.72%"
"Mar 16, 2016","6.5220","6.5139","6.5260","6.5139","0.12%"
"Mar 15, 2016","6.5145","6.5013","6.5185","6.5013","0.22%"
"Mar 14, 2016","6.5000","6.4931","6.5020","6.4914","0.07%"
"Mar 11, 2016","6.4953","6.5083","6.5083","6.4863","-0.20%"
"Mar 10, 2016","6.5085","6.5145","6.5244","6.5081","-0.07%"
"Mar 09, 2016","6.5130","6.5095","6.5176","6.5095","0.13%"
"Mar 08, 2016","6.5047","6.5161","6.5161","6.5008","-0.19%"
"Mar 07, 2016","6.5168","6.5078","6.5203","6.5052","0.14%"
"Mar 04, 2016","6.5080","6.5300","6.5324","6.5050","-0.36%"
"Mar 03, 2016","6.5314","6.5502","6.5502","6.5314","-0.30%"
"Mar 02, 2016","6.5510","6.5530","6.5543","6.5496","-0.02%"
"Mar 01, 2016","6.5521","6.5459","6.5542","6.5410","-0.03%"
"Feb 29, 2016","6.5540","6.5477","6.5550","6.5467","0.21%"
"Feb 26, 2016","6.5404","6.5298","6.5414","6.5298","0.11%"
"Feb 25, 2016","6.5335","6.5336","6.5355","6.5310","0.03%"
"Feb 24, 2016","6.5317","6.5322","6.5397","6.5311","0.07%"
"Feb 23, 2016","6.5271","6.5288","6.5299","6.5253","0.08%"
"Feb 22, 2016","6.5218","6.5186","6.5238","6.5178","-0.01%"
"Feb 19, 2016","6.5224","6.5202","6.5237","6.5172","0.06%"
"Feb 18, 2016","6.5188","6.5242","6.5242","6.5160","-0.14%"
"Feb 17, 2016","6.5282","6.5257","6.5293","6.5229","0.17%"
"Feb 16, 2016","6.5169","6.5011","6.5193","6.5006","0.32%"
"Feb 15, 2016","6.4962","6.5304","6.5309","6.4889","-1.18%"
"Feb 12, 2016","6.5739","6.5739","6.5739","6.5739","0.00%"
"Feb 11, 2016","6.5739","6.5739","6.5739","6.5739","0.00%"
"Feb 10, 2016","6.5739","6.5739","6.5739","6.5739","0.00%"
"Feb 09, 2016","6.5739","6.5739","6.5739","6.5739","0.00%"
"Feb 08, 2016","6.5739","6.5739","6.5739","6.5739","0.00%"
"Feb 05, 2016","6.5739","6.5684","6.5754","6.5679","0.14%"
"Feb 04, 2016","6.5648","6.5765","6.5791","6.5643","-0.19%"
"Feb 03, 2016","6.5770","6.5793","6.5805","6.5752","-0.04%"
"Feb 02, 2016","6.5798","6.5783","6.5800","6.5772","0.02%"
"Feb 01, 2016","6.5784","6.5744","6.5819","6.5744","0.03%"
"Jan 29, 2016","6.5761","6.5745","6.5796","6.5732","0.02%"
"Jan 28, 2016","6.5751","6.5777","6.5789","6.5736","-0.04%"
"Jan 27, 2016","6.5778","6.5804","6.5818","6.5755","-0.07%"
"Jan 26, 2016","6.5825","6.5794","6.5851","6.5787","0.05%"
"Jan 25, 2016","6.5793","6.5784","6.5800","6.5774","0.00%"
"Jan 22, 2016","6.5791","6.5784","6.5800","6.5772","-0.01%"
"Jan 21, 2016","6.5800","6.5787","6.5805","6.5756","0.02%"
"Jan 20, 2016","6.5784","6.5769","6.5803","6.5769","-0.00%"
"Jan 19, 2016","6.5785","6.5753","6.5796","6.5753","-0.01%"
"Jan 18, 2016","6.5789","6.5840","6.5840","6.5754","-0.09%"
"Jan 15, 2016","6.5849","6.5857","6.5884","6.5834","-0.08%"
"Jan 14, 2016","6.5901","6.5776","6.5921","6.5776","0.22%"
"Jan 13, 2016","6.5754","6.5701","6.5806","6.5701","0.04%"
"Jan 12, 2016","6.5725","6.5682","6.5805","6.5682","0.05%"
"Jan 11, 2016","6.5695","6.5952","6.5952","6.5695","-0.41%"
"Jan 08, 2016","6.5965","6.5686","6.5967","6.5672","0.05%"
"Jan 07, 2016","6.5929","6.5823","6.5948","6.5796","0.55%"
"Jan 06, 2016","6.5566","6.5271","6.5615","6.5271","0.64%"
"Jan 05, 2016","6.5148","6.5210","6.5247","6.5143","-0.32%"
"Jan 04, 2016","6.5354","6.5084","6.5366","6.5084","0.64%"
"Jan 01, 2016","6.4936","6.4936","6.4936","6.4936","0.00%"
"Dec 31, 2015","6.4936","6.4917","6.4950","6.4897","0.04%"
"Dec 30, 2015","6.4912","6.4864","6.4924","6.4864","0.10%"
"Dec 29, 2015","6.4848","6.4867","6.4883","6.4844","-0.06%"
"Dec 28, 2015","6.4886","6.4763","6.4890","6.4761","0.19%"
"Dec 25, 2015","6.4764","6.4745","6.4778","6.4692","-0.01%"
"Dec 24, 2015","6.4773","6.4782","6.4801","6.4760","-0.01%"
"Dec 23, 2015","6.4778","6.4778","6.4795","6.4756","-0.02%"
"Dec 22, 2015","6.4788","6.4799","6.4799","6.4761","-0.03%"
"Dec 21, 2015","6.4808","6.4808","6.4825","6.4784","-0.01%"
"Dec 18, 2015","6.4815","6.4820","6.4849","6.4778","-0.03%"
"Dec 17, 2015","6.4837","6.4737","6.4851","6.4737","0.16%"
"Dec 16, 2015","6.4733","6.4617","6.4733","6.4588","0.19%"
"Dec 15, 2015","6.4610","6.4607","6.4702","6.4561","0.03%"
"Dec 14, 2015","6.4589","6.4634","6.4651","6.4548","0.06%"
"Dec 11, 2015","6.4553","6.4397","6.4573","6.4397","0.27%"
"Dec 10, 2015","6.4378","6.4291","6.4415","6.4290","0.15%"
"Dec 09, 2015","6.4280","6.4196","6.4289","6.4184","0.17%"
"Dec 08, 2015","6.4172","6.4110","6.4193","6.4110","0.14%"
"Dec 07, 2015","6.4082","6.3995","6.4086","6.3995","0.11%"
"Dec 04, 2015","6.4010","6.3893","6.4041","6.3891","0.05%"
"Dec 03, 2015","6.3975","6.3990","6.4000","6.3948","-0.02%"
"Dec 02, 2015","6.3987","6.3960","6.3988","6.3956","0.00%"
"Dec 01, 2015","6.3987","6.3966","6.3989","6.3964","0.01%"
"Nov 30, 2015","6.3982","6.3960","6.3983","6.3903","0.05%"
"Nov 27, 2015","6.3949","6.3918","6.3965","6.3906","0.08%"
"Nov 26, 2015","6.3895","6.3880","6.3898","6.3872","0.00%"
"Nov 25, 2015","6.3892","6.3892","6.3909","6.3865","-0.01%"
"Nov 24, 2015","6.3898","6.3878","6.3910","6.3868","0.01%"
"Nov 23, 2015","6.3893","6.3842","6.3909","6.3842","0.07%"
"Nov 20, 2015","6.3850","6.3827","6.3869","6.3786","0.03%"
"Nov 19, 2015","6.3830","6.3850","6.3850","6.3735","-0.03%"
"Nov 18, 2015","6.3849","6.3803","6.3866","6.3791","0.10%"
"Nov 17, 2015","6.3786","6.3702","6.3798","6.3685","0.12%"
"Nov 16, 2015","6.3712","6.3770","6.3803","6.3613","-0.04%"
"Nov 13, 2015","6.3737","6.3689","6.3753","6.3684","0.07%"
"Nov 12, 2015","6.3693","6.3689","6.3695","6.3639","0.03%"
"Nov 11, 2015","6.3674","6.3611","6.3674","6.3563","0.09%"
"Nov 10, 2015","6.3618","6.3634","6.3645","6.3545","-0.00%"
"Nov 09, 2015","6.3621","6.3638","6.3674","6.3572","0.14%"
"Nov 06, 2015","6.3530","6.3487","6.3548","6.3439","0.11%"
"Nov 05, 2015","6.3461","6.3383","6.3467","6.3353","0.16%"
"Nov 04, 2015","6.3359","6.3350","6.3415","6.3312","-0.00%"
"Nov 03, 2015","6.3361","6.3339","6.3418","6.3323","-0.02%"
"Nov 02, 2015","6.3374","6.3189","6.3460","6.3173","0.31%"
"Oct 30, 2015","6.3181","6.3422","6.3496","6.3158","-0.61%"
"Oct 29, 2015","6.3567","6.3603","6.3616","6.3528","-0.04%"
"Oct 28, 2015","6.3592","6.3535","6.3599","6.3531","0.09%"
"Oct 27, 2015","6.3532","6.3506","6.3549","6.3465","0.00%"
"Oct 26, 2015","6.3532","6.3505","6.3593","6.3488","0.06%"
"Oct 23, 2015","6.3491","6.3580","6.3613","6.3477","-0.14%"
"Oct 22, 2015","6.3580","6.3456","6.3580","6.3453","0.14%"
"Oct 21, 2015","6.3493","6.3441","6.3503","6.3407","0.01%"
"Oct 20, 2015","6.3484","6.3604","6.3688","6.3427","-0.18%"
"Oct 19, 2015","6.3601","6.3560","6.3665","6.3550","0.12%"
"Oct 16, 2015","6.3525","6.3460","6.3593","6.3458","0.10%"
"Oct 15, 2015","6.3462","6.3483","6.3484","6.3399","-0.02%"
"Oct 14, 2015","6.3477","6.3435","6.3497","6.3425","0.09%"
"Oct 13, 2015","6.3423","6.3216","6.3423","6.3216","0.31%"
"Oct 12, 2015","6.3230","6.3370","6.3376","6.3195","-0.35%"
"Oct 09, 2015","6.3453","6.3532","6.3532","6.3432","-0.13%"
"Oct 08, 2015","6.3535","6.3560","6.3560","6.3476","-0.04%"
"Oct 07, 2015","6.3560","6.3560","6.3560","6.3560","0.00%"
"Oct 06, 2015","6.3560","6.3560","6.3560","6.3560","0.00%"
"Oct 05, 2015","6.3560","6.3560","6.3560","6.3560","0.00%"
"Oct 02, 2015","6.3560","6.3560","6.3560","6.3560","0.00%"
"Oct 01, 2015","6.3560","6.3560","6.3560","6.3560","-0.02%"
"Sep 30, 2015","6.3571","6.3651","6.3651","6.3510","-0.10%"
"Sep 29, 2015","6.3636","6.3702","6.3702","6.3615","-0.08%"
"Sep 28, 2015","6.3688","6.3727","6.3727","6.3652","-0.08%"
"Sep 25, 2015","6.3741","6.3826","6.3826","6.3719","-0.14%"
"Sep 24, 2015","6.3833","6.3813","6.3845","6.3765","-0.01%"
"Sep 23, 2015","6.3837","6.3756","6.3843","6.3751","0.12%"
"Sep 22, 2015","6.3760","6.3700","6.3770","6.3690","0.11%"
"Sep 21, 2015","6.3691","6.3655","6.3708","6.3638","0.08%"
"Sep 18, 2015","6.3643","6.3665","6.3665","6.3595","-0.03%"
"Sep 17, 2015","6.3660","6.3721","6.3721","6.3645","-0.08%"
"Sep 16, 2015","6.3709","6.3705","6.3745","6.3692","0.01%"
"Sep 15, 2015","6.3700","6.3665","6.3722","6.3624","0.03%"
"Sep 14, 2015","6.3679","6.3745","6.3760","6.3670","-0.11%"